{"type": "FeatureCollection", "features": [{"type": "Feature", "properties": {"region_id": 1, "region_name": "Barisal"}, "geometry": {"type": "MultiPolygon", "coordinates": [[[[90.10359955, 21.87836075], [90.10248566, 21.87948418], [90.10385895, 21.87977028], [90.10359955, 21.87836075]]], [[[90.29854584, 21.94358253], [90.26746368, 21.87493706], [90.26873779, 21.89055252], [90.26622772, 21.88470268], [90.2583313, 21.84083176], [90.22150421, 21.81158829], [90.19555664, 21.80027771], [90.18055725, 21.79972076], [90.18499756, 21.80750084], [90.1763916, 21.80027962], [90.16005707, 21.80170059], [90.11186981, 21.8166008], [90.08546448, 21.8398304], [90.08867645, 21.86208916], [90.09851074, 21.86339188], [90.10626221, 21.85318756], [90.0999527, 21.86688995], [90.11786652, 21.89855957], [90.14901733, 21.89178467], [90.15972137, 21.90945053], [90.17410278, 21.90811157], [90.18156433, 21.92637062], [90.18953705, 21.92815971], [90.1960907, 21.93397141], [90.19838715, 21.94555855], [90.23266602, 21.95517349], [90.23888397, 21.96059036], [90.25590515, 21.95091057], [90.27287292, 21.9789505], [90.29342651, 21.99053955], [90.30429077, 21.97336006], [90.29854584, 21.94358253]]], [[[90.02445984, 21.91880608], [90.02481842, 21.92143059], [90.02617645, 21.91988373], [90.02445984, 21.91880608]]], [[[90.21499634, 21.98246956], [90.23307037, 21.97223282], [90.23317719, 21.95753288], [90.19700623, 21.94686127], [90.19274902, 21.93279266], [90.17983246, 21.9274807], [90.17165375, 21.9097805], [90.15712738, 21.91101074], [90.14646149, 21.89520264], [90.11865234, 21.90395546], [90.11724091, 21.92386055], [90.14692688, 21.92934036], [90.13726807, 21.95611572], [90.15939331, 21.98120499], [90.17324066, 21.9749012], [90.21499634, 21.98246956]]], [[[90.02845764, 21.94429398], [90.02852631, 21.94725037], [90.03025055, 21.9485302], [90.02845764, 21.94429398]]], [[[89.98233032, 21.95037079], [89.98325348, 21.95642471], [89.98661804, 21.9585743], [89.98526001, 21.95346069], [89.98233032, 21.95037079]]], [[[89.88779449, 21.96830368], [89.88999939, 21.96250534], [89.89089203, 21.96140289], [89.88782501, 21.96388626], [89.88779449, 21.96830368]]], [[[89.8841629, 21.99777985], [89.89027405, 21.98805618], [89.88083649, 21.98361206], [89.8841629, 21.99777985]]], [[[89.89363098, 21.99808121], [89.89669037, 21.9930439], [89.89334869, 21.99641037], [89.89363098, 21.99808121]]], [[[89.91500092, 22.00111008], [89.91110992, 22.00694656], [89.91805267, 22.00111008], [89.91500092, 22.00111008]]], [[[89.90805817, 22.02555275], [89.91055298, 22.02000046], [89.90389252, 22.02666664], [89.90055847, 22.02806282], [89.89833069, 22.0111084], [89.89583588, 22.0336113], [89.90805817, 22.02555275]]], [[[89.90249634, 22.04805756], [89.89833069, 22.05305481], [89.89666748, 22.04277802], [89.89805603, 22.06001091], [89.90249634, 22.04805756]]], [[[90.02027893, 22.05750084], [90.02361298, 22.06001091], [90.02249908, 22.05361176], [90.02027893, 22.05750084]]], [[[90.01389313, 22.06306839], [90.01444244, 22.06110954], [90.01194763, 22.06249809], [90.01389313, 22.06306839]]], [[[90.01750183, 22.06194687], [90.01972198, 22.06361198], [90.01833344, 22.06083298], [90.01750183, 22.06194687]]], [[[90.02500153, 22.20833397], [90.01667023, 22.19499969], [90.02166748, 22.17583275], [90.06083679, 22.16194534], [90.03028107, 22.14528084], [90.01555634, 22.12722015], [90.01303864, 22.11000061], [90.02305603, 22.08167267], [89.98397064, 22.05047989], [89.97199249, 22.02923012], [89.98906708, 21.96354294], [89.98116302, 21.96574783], [89.97672272, 21.94869995], [89.95508575, 21.94374466], [89.93728638, 21.95465469], [89.9319458, 22.00027847], [89.90055847, 22.07082939], [89.91133881, 22.13727188], [89.87837982, 22.22575378], [89.8686142, 22.28027725], [89.92207336, 22.39539146], [89.96333313, 22.42277527], [89.97972107, 22.44361115], [89.98944092, 22.49250221], [90.01805115, 22.49395943], [90.01499939, 22.50055695], [89.99555206, 22.50333786], [89.96831512, 22.49069405], [89.96276093, 22.50888252], [89.92126465, 22.50959969], [89.95246887, 22.54599571], [89.96350861, 22.58951187], [89.96118164, 22.59509468], [89.95389557, 22.600214], [89.91677856, 22.60432434], [89.92615509, 22.64343452], [89.89082336, 22.65977287], [89.89592743, 22.67583275], [89.90869904, 22.67307091], [89.91423035, 22.6617794], [89.93741608, 22.67728806], [89.91104889, 22.69329071], [89.87375641, 22.68873024], [89.86406708, 22.69722939], [89.90753937, 22.72626114], [89.93086243, 22.72142982], [89.93382263, 22.75089264], [89.91369629, 22.74957085], [89.91493988, 22.76345062], [89.90544891, 22.77234077], [89.9416275, 22.77825165], [89.93650055, 22.79378128], [89.9169693, 22.79594994], [89.94866943, 22.82464981], [89.93855286, 22.86112976], [89.96393585, 22.85104752], [90.01767731, 22.86642075], [90.03508759, 22.92855072], [90.05921173, 22.93366814], [90.06072235, 22.96784973], [90.07208252, 22.96846008], [90.09793091, 23.00313187], [90.12638092, 23.00460052], [90.14260864, 23.04313278], [90.13469696, 23.04898071], [90.15213776, 23.05377007], [90.1625061, 23.0678196], [90.19249725, 23.05678749], [90.21343231, 23.07116127], [90.2199707, 23.06735039], [90.23703766, 23.04221916], [90.2307663, 23.01288986], [90.23600006, 23.00682068], [90.22660065, 22.98974037], [90.2322998, 22.97354126], [90.23728943, 22.96767044], [90.24320984, 22.97797966], [90.2603302, 22.9779129], [90.25836945, 22.96317101], [90.27572632, 22.9786396], [90.28678131, 22.97239113], [90.32736206, 22.97730064], [90.32820892, 23.00086975], [90.31167603, 23.03103065], [90.32097626, 23.05450058], [90.37236023, 23.05647278], [90.42404175, 23.04080963], [90.42626953, 23.03406906], [90.4138031, 23.02330017], [90.38726807, 23.01789093], [90.4249115, 23.01397896], [90.40129852, 23.00138855], [90.42472076, 22.98944473], [90.45866394, 22.98043442], [90.4327774, 22.95277786], [90.43222046, 22.94722176], [90.43722534, 22.93820953], [90.43527985, 22.92777824], [90.41711426, 22.91540718], [90.41531372, 22.90996361], [90.41902924, 22.89778709], [90.40699768, 22.89829636], [90.39807892, 22.89281464], [90.38117981, 22.84810638], [90.40481567, 22.81558228], [90.38729858, 22.8165493], [90.38504028, 22.81359482], [90.38638306, 22.80982018], [90.42694092, 22.79027748], [90.43242645, 22.77996826], [90.43746948, 22.76550293], [90.41843414, 22.74620819], [90.43416595, 22.7294445], [90.41222382, 22.72250175], [90.40416718, 22.7397213], [90.38999939, 22.74111176], [90.38444519, 22.73194504], [90.38639069, 22.70611191], [90.3758316, 22.69972229], [90.34166718, 22.64722252], [90.32971954, 22.66333389], [90.29333496, 22.66722107], [90.27972412, 22.63916588], [90.26139069, 22.64333344], [90.24111176, 22.63305473], [90.21111298, 22.64138794], [90.17527771, 22.62833405], [90.18305206, 22.59083366], [90.20277405, 22.57666588], [90.1894455, 22.55944443], [90.17972565, 22.51833344], [90.18638611, 22.51166725], [90.20749664, 22.51611137], [90.20972443, 22.50972366], [90.1922226, 22.49666595], [90.17222595, 22.45861053], [90.17194366, 22.43222237], [90.14027405, 22.40916634], [90.11165619, 22.36499977], [90.08916473, 22.34527969], [90.07694244, 22.35388947], [90.10415649, 22.31221962], [90.09583282, 22.28333282], [90.07554626, 22.25611115], [90.0688858, 22.21945], [90.02500153, 22.20833397]]], [[[90.21091461, 22.22120857], [90.23000336, 22.1902771], [90.21394348, 22.16540146], [90.20372772, 22.12474823], [90.15528107, 22.125], [90.12519836, 22.08801079], [90.0870285, 22.06108284], [90.06555176, 22.02499962], [90.05644989, 21.97776985], [90.01467133, 21.98367691], [89.99907684, 21.9958725], [89.98696136, 22.03556061], [90.02748871, 22.05138969], [90.03499603, 22.06888962], [90.03444672, 22.12888718], [90.0736084, 22.16082954], [90.06247711, 22.17749023], [90.02500153, 22.19528008], [90.06639099, 22.20944405], [90.07971954, 22.22194481], [90.08777618, 22.2472229], [90.08721924, 22.26000023], [90.10610962, 22.26861191], [90.11416626, 22.28499985], [90.11332703, 22.30833244], [90.09805298, 22.34555817], [90.13963318, 22.39851952], [90.17610931, 22.42917061], [90.1763916, 22.45638847], [90.21305847, 22.50861168], [90.20584106, 22.52057266], [90.18527985, 22.51610947], [90.19083405, 22.54805565], [90.20610809, 22.57722282], [90.18638611, 22.59361076], [90.1783371, 22.62528038], [90.21083069, 22.63722229], [90.24111176, 22.63027763], [90.26638794, 22.63972282], [90.28111267, 22.63638878], [90.29389191, 22.66277695], [90.32722473, 22.66111183], [90.33805847, 22.64527702], [90.34638977, 22.64611053], [90.37805176, 22.6977787], [90.39194489, 22.7080555], [90.39167023, 22.73916626], [90.41000366, 22.72027779], [90.41916656, 22.7191658], [90.44000244, 22.73111153], [90.42972565, 22.74416733], [90.43572235, 22.75597763], [90.46269989, 22.75211716], [90.49469757, 22.7232399], [90.50469208, 22.70099831], [90.4903183, 22.69067574], [90.4790802, 22.67414474], [90.46933746, 22.6503582], [90.44173431, 22.64578247], [90.44096375, 22.64278603], [90.44705963, 22.63151741], [90.42559814, 22.61302757], [90.42960358, 22.61031914], [90.44646454, 22.60920715], [90.42169952, 22.5934391], [90.40835571, 22.57806206], [90.39446259, 22.59413338], [90.37039185, 22.59377098], [90.35137177, 22.61268425], [90.34597778, 22.61472511], [90.34250641, 22.61221886], [90.33896637, 22.59829521], [90.35703278, 22.59135818], [90.36081696, 22.57582474], [90.34541321, 22.56552315], [90.33531189, 22.54666519], [90.33885193, 22.54312706], [90.35321808, 22.5428257], [90.3451004, 22.52616882], [90.36357117, 22.51847076], [90.34893799, 22.50313759], [90.35138702, 22.47472191], [90.30194092, 22.46861267], [90.29854584, 22.44203949], [90.26277924, 22.40138817], [90.25263214, 22.34529877], [90.23088074, 22.34902382], [90.22943115, 22.36121178], [90.2195816, 22.36237335], [90.23094177, 22.38372231], [90.22270966, 22.37405968], [90.21778107, 22.36166573], [90.22820282, 22.36049843], [90.22988129, 22.35243034], [90.20610809, 22.33972168], [90.19721985, 22.32027817], [90.21091461, 22.22120857]]], [[[90.02978516, 22.12529564], [90.0319519, 22.1274662], [90.03328705, 22.12776756], [90.02978516, 22.12529564]]], [[[90.04722595, 22.17805481], [90.02832794, 22.17832947], [90.02305603, 22.18778038], [90.04722595, 22.17805481]]], [[[90.02610779, 22.18805504], [90.02249908, 22.19111061], [90.02999878, 22.18805504], [90.02610779, 22.18805504]]], [[[90.08361053, 22.24111176], [90.08027649, 22.23611069], [90.08194733, 22.24389076], [90.08361053, 22.24111176]]], [[[90.08388519, 22.24388885], [90.08249664, 22.24749947], [90.08472443, 22.24805832], [90.08388519, 22.24388885]]], [[[90.08555603, 22.24861145], [90.08694458, 22.25083351], [90.08611298, 22.24861145], [90.08555603, 22.24861145]]], [[[90.10610962, 22.28027725], [90.10054779, 22.27860832], [90.10639191, 22.28138924], [90.10610962, 22.28027725]]], [[[90.09944153, 22.28083229], [90.10083008, 22.29221916], [90.10555267, 22.29500008], [90.10916901, 22.28611183], [90.09944153, 22.28083229]]], [[[90.10694122, 22.29694366], [90.10444641, 22.29694366], [90.10722351, 22.29833221], [90.10694122, 22.29694366]]], [[[89.90499878, 22.37001038], [89.90166473, 22.37583351], [89.90528107, 22.37833214], [89.90499878, 22.37001038]]], [[[89.96453857, 22.44077873], [89.95375824, 22.43057823], [89.94313812, 22.4279747], [89.95759583, 22.4421978], [89.96453857, 22.44077873]]], [[[89.91529846, 22.50582314], [89.96894836, 22.48897362], [89.977211, 22.48917961], [89.97333527, 22.4533329], [89.95198822, 22.43997002], [89.90416718, 22.39500046], [89.89083099, 22.39027977], [89.87114716, 22.41288567], [89.8806839, 22.44054985], [89.88165283, 22.42836952], [89.93746948, 22.45095253], [89.94612122, 22.46278191], [89.93467712, 22.47438812], [89.88968658, 22.47652245], [89.884758, 22.50126076], [89.91529846, 22.50582314]]], [[[90.00888824, 22.50028038], [90.01000214, 22.49638939], [90.00583649, 22.50055695], [90.00888824, 22.50028038]]], [[[89.92565918, 22.60277557], [89.95275116, 22.59913063], [89.96057129, 22.59423447], [89.92382813, 22.60273933], [89.92565918, 22.60277557]]], [[[89.92327118, 22.6029129], [89.92382813, 22.60273933], [89.92303467, 22.60284042], [89.92327118, 22.6029129]]], [[[90.38532257, 21.8027401], [90.38510132, 21.7894249], [90.37824249, 21.78955841], [90.38532257, 21.8027401]]], [[[90.31666565, 21.79755974], [90.31272888, 21.79917526], [90.31417084, 21.80045128], [90.31666565, 21.79755974]]], [[[90.41903687, 21.82097816], [90.41560364, 21.81896782], [90.41725159, 21.82226372], [90.41903687, 21.82097816]]], [[[90.40117645, 21.82677078], [90.39610291, 21.82468033], [90.39115906, 21.81808853], [90.39602661, 21.82979012], [90.40117645, 21.82677078]]], [[[90.24906158, 21.83125687], [90.25286102, 21.8315258], [90.2481308, 21.82944107], [90.24906158, 21.83125687]]], [[[90.42385101, 21.83403969], [90.41748047, 21.8323555], [90.42349243, 21.83618927], [90.42385101, 21.83403969]]], [[[90.29747009, 21.84941292], [90.29890442, 21.83918381], [90.29216766, 21.84032822], [90.29747009, 21.84941292]]], [[[90.36715698, 21.84131241], [90.37246704, 21.84871292], [90.37454224, 21.84756279], [90.37561798, 21.84145164], [90.36715698, 21.84131241]]], [[[90.42648315, 21.8588295], [90.42082214, 21.85862541], [90.42869568, 21.86077881], [90.42648315, 21.8588295]]], [[[90.373703, 21.86862946], [90.37406158, 21.86594009], [90.3730011, 21.86567116], [90.373703, 21.86862946]]], [[[90.39234161, 21.86740112], [90.39470673, 21.87344742], [90.39549255, 21.87372017], [90.39234161, 21.86740112]]], [[[90.39965057, 22.00819969], [90.38526154, 21.96191025], [90.37483215, 21.95007324], [90.35526276, 21.91647911], [90.37462616, 21.86996841], [90.36252594, 21.86705017], [90.37077332, 21.86338043], [90.35692596, 21.85190964], [90.32115173, 21.84693146], [90.31099701, 21.85765076], [90.30619812, 21.88257027], [90.31306458, 21.87087631], [90.309021, 21.8860817], [90.35707092, 21.98207092], [90.39965057, 22.00819969]]], [[[90.33161926, 21.95811081], [90.33242798, 21.95474815], [90.32850647, 21.95366287], [90.33161926, 21.95811081]]], [[[90.33547974, 21.96086121], [90.33217621, 21.95883942], [90.33547974, 21.96167946], [90.33547974, 21.96086121]]], [[[90.46805573, 22.05083275], [90.47833252, 22.03000069], [90.49067688, 21.95016861], [90.45855713, 21.91675186], [90.40670776, 21.89480209], [90.39655304, 21.87597084], [90.37953186, 21.87845039], [90.37001801, 21.88722992], [90.36045837, 21.92362976], [90.40102386, 21.94359779], [90.40830994, 21.95259666], [90.42166901, 22.0102787], [90.41667175, 22.03082466], [90.46805573, 22.05083275]]], [[[90.41986084, 22.01598167], [90.40419006, 21.94818687], [90.37330627, 21.93709946], [90.40187836, 21.9931488], [90.40027618, 22.01444435], [90.41278076, 22.0261116], [90.41986084, 22.01598167]]], [[[90.27960968, 22.04795456], [90.26972198, 22.02305984], [90.28338623, 21.99230957], [90.26522064, 21.97746086], [90.25666809, 21.95443535], [90.23040009, 21.97939301], [90.20587158, 21.98903084], [90.20862579, 22.00801277], [90.21880341, 21.99618912], [90.22306061, 21.99527931], [90.23400116, 22.00820541], [90.24200439, 22.02692795], [90.24138641, 22.02833366], [90.22236633, 21.99622726], [90.21009064, 22.00915146], [90.20733643, 22.00886536], [90.20362091, 21.98371124], [90.15194702, 21.98091125], [90.1325531, 21.95280075], [90.14369202, 21.92982292], [90.1138916, 21.92544937], [90.11166382, 21.90055466], [90.0754776, 21.86174965], [90.05282593, 21.86224174], [90.02378845, 21.88332748], [90.03105164, 21.94778633], [90.07273865, 21.97296906], [90.07478333, 22.00426292], [90.0917511, 22.04435158], [90.14080048, 22.08514977], [90.15872192, 22.11481094], [90.19390106, 22.10698509], [90.22150421, 22.12998962], [90.22563934, 22.16352463], [90.23966217, 22.18979073], [90.23233032, 22.22648621], [90.22512054, 22.23256683], [90.23653412, 22.23778725], [90.24648285, 22.26024055], [90.25642395, 22.25861168], [90.26945496, 22.2617569], [90.27223206, 22.26764488], [90.27083588, 22.27972221], [90.25901794, 22.28139877], [90.26502228, 22.29905891], [90.26352692, 22.30160713], [90.25749969, 22.28138924], [90.26972198, 22.27860832], [90.27027893, 22.26388741], [90.24555206, 22.26194382], [90.23583221, 22.23888969], [90.22389221, 22.23305321], [90.23083496, 22.22361183], [90.21971893, 22.22639084], [90.22027588, 22.26250076], [90.20694733, 22.30722237], [90.21333313, 22.3358326], [90.25, 22.33499908], [90.28927612, 22.37709236], [90.30339813, 22.36709213], [90.33293152, 22.3641758], [90.3469162, 22.36535645], [90.35195923, 22.35914421], [90.34609985, 22.35053635], [90.34666443, 22.34750175], [90.34916687, 22.34639168], [90.4128952, 22.35188675], [90.41957855, 22.34388542], [90.40658569, 22.33618736], [90.3702774, 22.29332924], [90.38033295, 22.28836823], [90.40252686, 22.28717995], [90.41611481, 22.27819061], [90.39900208, 22.25177383], [90.39277649, 22.20750809], [90.39582825, 22.20311165], [90.42941284, 22.19747925], [90.43109894, 22.19319153], [90.39866638, 22.17194939], [90.39827728, 22.14739418], [90.38633728, 22.13837051], [90.34860992, 22.15638733], [90.34527588, 22.16500092], [90.34118652, 22.1693325], [90.35249329, 22.17742729], [90.35677338, 22.18281364], [90.34075928, 22.17005539], [90.34772491, 22.15589333], [90.35567474, 22.14843941], [90.38555908, 22.13748169], [90.37420654, 22.11003113], [90.3782959, 22.08418083], [90.33460999, 22.05072212], [90.30618286, 21.98151016], [90.29977417, 21.99090767], [90.28701019, 21.99423027], [90.27224731, 22.02024078], [90.28321075, 22.0399704], [90.28065491, 22.04902077], [90.29012299, 22.05314445], [90.28778839, 22.0566082], [90.27693176, 22.06040573], [90.28926086, 22.054039], [90.28084564, 22.05047226], [90.27960968, 22.04795456]]], [[[90.37494659, 22.01992416], [90.37825012, 22.0214653], [90.37393951, 22.01818275], [90.37494659, 22.01992416]]], [[[90.33890533, 21.99077606], [90.35330963, 22.00951958], [90.36525726, 22.03726006], [90.3732605, 22.04326057], [90.38078308, 22.05303001], [90.38977814, 22.04654121], [90.37216187, 22.01966095], [90.33890533, 21.99077606]]], [[[90.39264679, 22.08604431], [90.42804718, 22.07583046], [90.4122467, 22.06033134], [90.40183258, 22.05722046], [90.39199066, 22.04782295], [90.3833313, 22.05518913], [90.36694336, 22.04833412], [90.34199524, 22.00190544], [90.34001923, 22.02029037], [90.36408997, 22.06084824], [90.39264679, 22.08604431]]], [[[90.375, 22.05166817], [90.3694458, 22.0419426], [90.36555481, 22.04138947], [90.375, 22.05166817]]], [[[90.40944672, 22.05833244], [90.39450836, 22.03937721], [90.39090729, 22.03680038], [90.40944672, 22.05833244]]], [[[90.41857147, 22.08208275], [90.42669678, 22.08013916], [90.41706848, 22.08139992], [90.41857147, 22.08208275]]], [[[90.38130951, 22.10746002], [90.38043213, 22.10916519], [90.38130951, 22.10917282], [90.38130951, 22.10746002]]], [[[90.39557648, 22.14166069], [90.39194489, 22.1325016], [90.38805389, 22.13305473], [90.39557648, 22.14166069]]], [[[90.39666748, 22.21861076], [90.40856171, 22.20710754], [90.3959198, 22.20577431], [90.39666748, 22.21861076]]], [[[90.22333527, 22.21972275], [90.22611237, 22.21694374], [90.22583008, 22.21500015], [90.22333527, 22.21972275]]], [[[90.43005371, 22.42221069], [90.43222046, 22.41555595], [90.43965149, 22.41223335], [90.45098114, 22.41363144], [90.45470428, 22.42112541], [90.44984436, 22.45711517], [90.42722321, 22.45222282], [90.4471817, 22.46808815], [90.43244934, 22.50480843], [90.46805573, 22.53055573], [90.45333099, 22.57338333], [90.51485443, 22.58234215], [90.58194733, 22.53333282], [90.58805847, 22.50416946], [90.59527588, 22.48805428], [90.6055069, 22.47717094], [90.59358978, 22.45704079], [90.58805847, 22.46861267], [90.58777618, 22.42721939], [90.62999725, 22.37914658], [90.60190582, 22.27981949], [90.53610992, 22.21305084], [90.52083588, 22.17721176], [90.5027771, 22.16555405], [90.48501587, 22.20438004], [90.49830627, 22.21188164], [90.49972534, 22.21675682], [90.47083282, 22.2286129], [90.48266602, 22.23684692], [90.48840332, 22.23245811], [90.49744415, 22.22965431], [90.50684357, 22.24339485], [90.51135254, 22.25393105], [90.50611115, 22.26083374], [90.51449585, 22.27438164], [90.50657654, 22.28621674], [90.51914978, 22.28796768], [90.51995087, 22.29049683], [90.51662445, 22.30016327], [90.51855469, 22.28908348], [90.50593567, 22.28683662], [90.51332855, 22.27373695], [90.50528717, 22.26101112], [90.51014709, 22.25279808], [90.49775696, 22.23131943], [90.48207855, 22.2380867], [90.46944427, 22.22888947], [90.49906158, 22.21574211], [90.48361206, 22.20555115], [90.49662781, 22.15267563], [90.43295288, 22.07714081], [90.42529297, 22.08269882], [90.39059448, 22.08833122], [90.38611603, 22.10446739], [90.38733673, 22.12080956], [90.404953, 22.14327049], [90.40488434, 22.1709671], [90.43579102, 22.18840027], [90.43444824, 22.19692993], [90.41156006, 22.20946312], [90.39891815, 22.22833443], [90.42047882, 22.27532959], [90.40257263, 22.29047012], [90.40410614, 22.30075645], [90.40113068, 22.29026031], [90.3722229, 22.29500008], [90.41145325, 22.33562279], [90.42253113, 22.34316826], [90.43159485, 22.33978462], [90.43450165, 22.34438133], [90.40377045, 22.35555458], [90.34738922, 22.34848022], [90.3894043, 22.3922081], [90.39543152, 22.41913414], [90.43005371, 22.42221069]]], [[[90.36108398, 22.49381447], [90.41583252, 22.47833252], [90.4254837, 22.44980812], [90.44805908, 22.45361137], [90.45103455, 22.41531372], [90.43481445, 22.41596603], [90.431633, 22.42374611], [90.42488861, 22.42773247], [90.39714813, 22.42219543], [90.39172363, 22.41659355], [90.38749695, 22.39361191], [90.35652924, 22.36222267], [90.34845734, 22.36688232], [90.29920959, 22.37038803], [90.29371643, 22.37648582], [90.31082153, 22.40021324], [90.26752472, 22.35958862], [90.27416992, 22.40833282], [90.30274963, 22.43159676], [90.30966187, 22.46523857], [90.35051727, 22.46694756], [90.36108398, 22.49381447]]], [[[90.42972565, 22.49555588], [90.44166565, 22.4738884], [90.43305206, 22.45888901], [90.41889191, 22.47860909], [90.38500214, 22.48805428], [90.37999725, 22.50666618], [90.40416718, 22.49138832], [90.41000366, 22.5047226], [90.41694641, 22.50138855], [90.43250275, 22.51194382], [90.42972565, 22.49555588]]], [[[90.50111389, 22.69611168], [90.5055542, 22.58694458], [90.44638824, 22.57472038], [90.45805359, 22.52416611], [90.42616272, 22.51199532], [90.41483307, 22.50309181], [90.41201782, 22.53923225], [90.40361023, 22.49500275], [90.3813858, 22.50916672], [90.37750244, 22.50555611], [90.38166809, 22.48861122], [90.35527802, 22.49694443], [90.35138702, 22.50333405], [90.3658371, 22.51861191], [90.34722137, 22.5261116], [90.35472107, 22.53972244], [90.35305786, 22.54583359], [90.33750153, 22.5466671], [90.36360931, 22.57861137], [90.35639191, 22.59499931], [90.34055328, 22.59999847], [90.34500122, 22.61305618], [90.36833191, 22.59277725], [90.3923111, 22.59292221], [90.40348816, 22.57763863], [90.41004181, 22.57695007], [90.44803619, 22.60914993], [90.42765808, 22.61309433], [90.44941711, 22.63179779], [90.44303894, 22.64362144], [90.4723587, 22.65037346], [90.48038483, 22.67300415], [90.50111389, 22.69611168]]], [[[90.46510315, 21.77869987], [90.47512054, 21.76720047], [90.46022797, 21.76720047], [90.46510315, 21.77869987]]], [[[90.45671844, 21.80634308], [90.45779419, 21.80755424], [90.45764923, 21.80405617], [90.45671844, 21.80634308]]], [[[90.45918274, 21.80408287], [90.46074677, 21.81444168], [90.46167755, 21.81471062], [90.46611786, 21.80428505], [90.45918274, 21.80408287]]], [[[90.43717194, 21.81044006], [90.43739319, 21.81575012], [90.44017792, 21.81594849], [90.43717194, 21.81044006]]], [[[90.45741272, 21.81268883], [90.46092224, 21.81678772], [90.45748138, 21.81019783], [90.45741272, 21.81268883]]], [[[90.4556427, 21.82388306], [90.45371246, 21.82456017], [90.45549774, 21.82468987], [90.4556427, 21.82388306]]], [[[90.46395111, 21.83310127], [90.46044159, 21.82925987], [90.45936584, 21.83027077], [90.46395111, 21.83310127]]], [[[90.43669128, 21.83252907], [90.43331909, 21.83333969], [90.43690491, 21.83327103], [90.43669128, 21.83252907]]], [[[90.51425171, 21.85527802], [90.51374817, 21.84089088], [90.52350616, 21.83098984], [90.52872467, 21.83637619], [90.5255127, 21.82978058], [90.49454498, 21.81169319], [90.47991943, 21.81278992], [90.4751358, 21.82476425], [90.48075867, 21.84333038], [90.49913788, 21.85621834], [90.51425171, 21.85527802]]], [[[90.45861053, 21.85805321], [90.45888519, 21.83944511], [90.42990875, 21.83423805], [90.43416595, 21.84833336], [90.45861053, 21.85805321]]], [[[90.51889801, 21.85591125], [90.520401, 21.85072708], [90.51409912, 21.85624123], [90.51889801, 21.85591125]]], [[[90.46299744, 21.85600471], [90.46392822, 21.85466003], [90.46292114, 21.85445786], [90.46299744, 21.85600471]]], [[[90.47315979, 21.86071205], [90.4695816, 21.85520172], [90.46686554, 21.85351563], [90.46643066, 21.86360359], [90.47315979, 21.86071205]]], [[[90.51077271, 21.89250946], [90.50205994, 21.88196182], [90.49320221, 21.87770844], [90.4907074, 21.90068245], [90.49806976, 21.91012764], [90.51077271, 21.89250946]]], [[[90.45246887, 21.8921299], [90.43027496, 21.88166618], [90.41853333, 21.88259888], [90.42391968, 21.89753914], [90.46134949, 21.9121685], [90.45246887, 21.8921299]]], [[[90.50374603, 21.91937447], [90.50417328, 21.91769028], [90.50352478, 21.9170208], [90.50374603, 21.91937447]]], [[[90.50733948, 21.92636108], [90.50727081, 21.92394257], [90.50562286, 21.92327118], [90.50733948, 21.92636108]]], [[[90.48293304, 22.03236961], [90.47466278, 22.05194473], [90.47860718, 22.06249809], [90.47897339, 22.04383087], [90.4854126, 22.03177071], [90.48293304, 22.03236961]]], [[[90.48790741, 22.09332848], [90.48934174, 22.08828926], [90.48429871, 22.08607864], [90.48790741, 22.09332848]]], [[[90.49125671, 22.0933094], [90.48957062, 22.09578323], [90.4909668, 22.09637451], [90.49125671, 22.0933094]]], [[[90.51000214, 22.14611053], [90.50166321, 22.13916588], [90.49907684, 22.14103127], [90.51000214, 22.14611053]]], [[[90.51006317, 22.14790916], [90.50138855, 22.1483326], [90.5111084, 22.14999962], [90.51006317, 22.14790916]]], [[[90.5229187, 22.16024017], [90.51930237, 22.14800072], [90.51316833, 22.15774536], [90.5229187, 22.16024017]]], [[[90.51883698, 22.16983223], [90.52142334, 22.17071152], [90.51919556, 22.16903114], [90.51883698, 22.16983223]]], [[[90.52555847, 22.62639046], [90.52722168, 22.62944412], [90.52639008, 22.62583351], [90.52555847, 22.62639046]]], [[[90.52110291, 22.65437698], [90.51999664, 22.65249825], [90.52027893, 22.65444374], [90.52110291, 22.65437698]]], [[[90.51694489, 22.66194534], [90.51916504, 22.66583252], [90.51805878, 22.66027832], [90.51694489, 22.66194534]]], [[[90.51499939, 22.66750145], [90.51833344, 22.66944504], [90.51694489, 22.66666603], [90.51499939, 22.66750145]]], [[[90.51694489, 22.67611122], [90.51777649, 22.67224693], [90.51694489, 22.67222214], [90.51694489, 22.67611122]]], [[[90.45972443, 22.76333427], [90.44555664, 22.76083374], [90.44277954, 22.76361275], [90.45583344, 22.7705555], [90.45972443, 22.76333427]]], [[[90.47972107, 22.77944565], [90.48865509, 22.76384354], [90.48599243, 22.74991035], [90.46710205, 22.76183319], [90.46126556, 22.78507233], [90.47972107, 22.77944565]]], [[[90.4311142, 22.78583336], [90.44889069, 22.77861023], [90.44139099, 22.76722145], [90.4311142, 22.78583336]]], [[[90.46099854, 22.78949928], [90.45983887, 22.78531837], [90.45652008, 22.78867912], [90.46099854, 22.78949928]]], [[[90.44262695, 22.78877068], [90.44033051, 22.79091263], [90.44298553, 22.79299164], [90.44262695, 22.78877068]]], [[[90.49277496, 22.83916664], [90.49860382, 22.82271004], [90.49194336, 22.81944466], [90.48361206, 22.83222389], [90.49277496, 22.83916664]]], [[[90.53083038, 22.9011116], [90.4936142, 22.87361145], [90.47916412, 22.88583374], [90.45749664, 22.89611244], [90.43972015, 22.88999939], [90.43916321, 22.88110924], [90.45222473, 22.85805511], [90.43777466, 22.7911129], [90.38666534, 22.81222153], [90.40361023, 22.81333351], [90.40666962, 22.81749916], [90.38220978, 22.84793091], [90.39861298, 22.89055634], [90.40305328, 22.8955555], [90.41833496, 22.89639091], [90.42111206, 22.89861107], [90.41757202, 22.91423416], [90.4335022, 22.9233036], [90.43805695, 22.93055534], [90.43777466, 22.94138908], [90.43305206, 22.95000267], [90.45861053, 22.97777748], [90.49610901, 22.95999718], [90.52194214, 22.93444443], [90.53083038, 22.9011116]]], [[[90.56063843, 23.03274155], [90.56535339, 23.02362823], [90.55677032, 23.01668739], [90.5580368, 23.01184464], [90.57846069, 22.99110985], [90.57486725, 22.9908123], [90.57012177, 22.98583794], [90.57649994, 22.99027634], [90.58705902, 22.98303032], [90.59092712, 22.96089363], [90.58433533, 22.96028137], [90.59471893, 22.93583107], [90.58972168, 22.92111015], [90.56472015, 22.90250015], [90.53694153, 22.90138817], [90.54111481, 22.91055489], [90.54083252, 22.9141674], [90.53694153, 22.90694427], [90.52305603, 22.93944168], [90.50138855, 22.96277809], [90.50278473, 22.9693203], [90.49666595, 22.96333122], [90.47817993, 22.98172379], [90.48638916, 22.96944427], [90.45552826, 22.98940086], [90.42250061, 22.9944458], [90.4338913, 23.00638962], [90.48805237, 23.02194595], [90.5047226, 23.01750183], [90.51249695, 23.02027702], [90.52055359, 23.02861023], [90.56063843, 23.03274155]]], [[[90.48983765, 23.02289009], [90.527565, 23.04276466], [90.53066254, 23.03448868], [90.51805878, 23.0288887], [90.50917053, 23.02000999], [90.48983765, 23.02289009]]], [[[90.52180481, 23.04693222], [90.51957703, 23.04359436], [90.51846313, 23.04721069], [90.52180481, 23.04693222]]], [[[90.587883, 21.75190926], [90.59396362, 21.75722313], [90.5943222, 21.75702286], [90.587883, 21.75190926]]], [[[90.59120941, 21.7595005], [90.59364319, 21.76105118], [90.59342957, 21.75942993], [90.59120941, 21.7595005]]], [[[90.57388306, 21.76413918], [90.56113434, 21.76292801], [90.57437897, 21.76729965], [90.57388306, 21.76413918]]], [[[90.56035614, 21.76589775], [90.56165314, 21.76462173], [90.56143188, 21.76395035], [90.56035614, 21.76589775]]], [[[90.56020355, 21.77388763], [90.56263733, 21.77826118], [90.56078339, 21.77288055], [90.56020355, 21.77388763]]], [[[90.59266663, 21.78338051], [90.59088898, 21.7798214], [90.5812912, 21.77484131], [90.57292175, 21.77814102], [90.59024048, 21.78149796], [90.586586, 21.79030991], [90.59266663, 21.78338051]]], [[[90.58730316, 21.78553391], [90.58322144, 21.78573036], [90.5872345, 21.78701019], [90.58730316, 21.78553391]]], [[[90.54030609, 21.84783363], [90.54675293, 21.85019112], [90.54453278, 21.84810066], [90.54030609, 21.84783363]]], [[[90.52282715, 21.85328293], [90.53034973, 21.85140038], [90.52728271, 21.84910965], [90.52282715, 21.85328293]]], [[[90.54740906, 21.87225914], [90.53608704, 21.87420273], [90.55384827, 21.85951042], [90.54718781, 21.85540009], [90.50538635, 21.86548424], [90.52550507, 21.88636208], [90.54740906, 21.87225914]]], [[[90.56243134, 21.87049675], [90.55770874, 21.87170792], [90.56329346, 21.87177467], [90.56243134, 21.87049675]]], [[[90.60421753, 21.97130394], [90.5848465, 21.91134644], [90.57206726, 21.89689064], [90.57666016, 21.89199257], [90.57347107, 21.88388634], [90.5164032, 21.89080048], [90.50894928, 21.9287796], [90.53143311, 21.95852089], [90.56463623, 21.96344948], [90.58693695, 21.98417091], [90.60421753, 21.97130394]]], [[[90.56143188, 21.98558807], [90.57836914, 21.9803791], [90.56572723, 21.96587944], [90.54207611, 21.96658325], [90.56143188, 21.98558807]]], [[[90.537323, 21.97700119], [90.54032898, 21.98043251], [90.53775024, 21.97646332], [90.537323, 21.97700119]]], [[[90.54254913, 21.97774315], [90.54483795, 21.98205185], [90.54641724, 21.98143959], [90.54254913, 21.97774315]]], [[[90.57904816, 21.98274994], [90.58198547, 21.98341942], [90.57933807, 21.9810009], [90.57904816, 21.98274994]]], [[[90.56575012, 22.00186729], [90.55422211, 21.99724007], [90.56555176, 22.01000023], [90.56575012, 22.00186729]]], [[[90.56890869, 22.01292038], [90.57120514, 22.01405334], [90.56896973, 22.01218033], [90.56890869, 22.01292038]]], [[[90.54152679, 22.13253975], [90.55671692, 22.1317234], [90.56202698, 22.13454437], [90.56778717, 22.14059639], [90.57250214, 22.15250015], [90.5588913, 22.13389015], [90.53778076, 22.13694382], [90.5477829, 22.15750122], [90.57694244, 22.18388748], [90.60555267, 22.18694496], [90.60555267, 22.12694359], [90.59388733, 22.10305786], [90.59190369, 22.06334305], [90.58000183, 22.05166626], [90.5772171, 22.05722046], [90.58444214, 22.06944466], [90.58249664, 22.06861115], [90.56222534, 22.02776909], [90.50299835, 21.95723915], [90.50077057, 21.99176979], [90.49597168, 21.98989105], [90.48638916, 22.01471138], [90.50763702, 22.0309391], [90.5239563, 22.06282806], [90.53694153, 22.0605545], [90.54083252, 22.06360817], [90.54528046, 22.07110977], [90.54708099, 22.08138847], [90.54222107, 22.08917046], [90.54027557, 22.06472206], [90.52333069, 22.06444359], [90.50443268, 22.03033257], [90.49028015, 22.02527809], [90.48181915, 22.04551506], [90.48468018, 22.07214165], [90.4927597, 22.09192085], [90.54152679, 22.13253975]]], [[[90.58472443, 22.23971939], [90.58333588, 22.20639038], [90.56667328, 22.19221115], [90.58416748, 22.23138809], [90.58472443, 22.23971939]]], [[[90.58305359, 22.23166656], [90.57722473, 22.23555565], [90.58166504, 22.23833275], [90.58305359, 22.23166656]]], [[[90.57971954, 22.53972244], [90.59388733, 22.53027725], [90.59027863, 22.52361107], [90.57971954, 22.53972244]]], [[[90.57271576, 22.57047844], [90.59194183, 22.56638908], [90.58444214, 22.56221962], [90.59972382, 22.55944443], [90.58444214, 22.55500031], [90.59860992, 22.5494442], [90.59555817, 22.54361153], [90.55805206, 22.5652771], [90.53805542, 22.60777855], [90.54972076, 22.61055565], [90.5736084, 22.5941658], [90.59111023, 22.57333374], [90.57202148, 22.58342743], [90.58805847, 22.57194519], [90.57271576, 22.57047844]]], [[[90.53944397, 22.61750031], [90.53694153, 22.61555481], [90.53555298, 22.61722374], [90.53944397, 22.61750031]]], [[[90.53083038, 22.64027977], [90.52861023, 22.6222229], [90.53360748, 22.61277962], [90.53500366, 22.59638977], [90.52583313, 22.62444496], [90.52972412, 22.63361168], [90.52416992, 22.62999916], [90.51916504, 22.63888741], [90.53083038, 22.64027977]]], [[[90.58229828, 22.70871544], [90.59448242, 22.71426773], [90.59512329, 22.68995285], [90.59742737, 22.68849564], [90.60427094, 22.68972206], [90.6029129, 22.66641617], [90.61547852, 22.63797188], [90.60761261, 22.60242462], [90.61857605, 22.58376694], [90.61728668, 22.56320953], [90.60025024, 22.57034874], [90.57281494, 22.60179329], [90.54225922, 22.62008858], [90.53406525, 22.6198349], [90.54504395, 22.63655663], [90.57580566, 22.6540184], [90.56749725, 22.70194435], [90.58264923, 22.72404099], [90.58731079, 22.72140694], [90.57982635, 22.7172718], [90.57794189, 22.71341324], [90.58229828, 22.70871544]]], [[[90.53388977, 22.66222191], [90.53639221, 22.66388893], [90.53416443, 22.66055679], [90.53388977, 22.66222191]]], [[[90.53166962, 22.67555618], [90.52333069, 22.65194511], [90.52416992, 22.67194366], [90.53166962, 22.67555618]]], [[[90.53422546, 22.6725769], [90.53749847, 22.66833115], [90.53360748, 22.66305542], [90.53416443, 22.66444397], [90.53422546, 22.6725769]]], [[[90.54944611, 22.66888809], [90.55361176, 22.67027855], [90.55110931, 22.66666603], [90.54944611, 22.66888809]]], [[[90.55666351, 22.66916656], [90.56063843, 22.67373466], [90.55944824, 22.66527748], [90.55666351, 22.66916656]]], [[[90.5534668, 22.67132378], [90.55305481, 22.67403221], [90.55555725, 22.6744442], [90.5534668, 22.67132378]]], [[[90.53527832, 22.67916679], [90.5369339, 22.6793766], [90.53472137, 22.67777634], [90.53527832, 22.67916679]]], [[[90.54375458, 22.70379448], [90.5566864, 22.68610764], [90.55488586, 22.67552185], [90.54991913, 22.67345428], [90.554245, 22.67773247], [90.55122375, 22.68771553], [90.55216217, 22.67813301], [90.5464859, 22.67873764], [90.54123688, 22.69153404], [90.52823639, 22.6780014], [90.53757477, 22.69106483], [90.53916931, 22.698246], [90.53381348, 22.68611145], [90.51715088, 22.68194389], [90.51603699, 22.70277786], [90.52437592, 22.68694305], [90.52353668, 22.70833397], [90.54375458, 22.70379448]]], [[[90.45694733, 22.89249992], [90.49500275, 22.86861038], [90.47777557, 22.83833313], [90.48353577, 22.81661034], [90.49138641, 22.81166649], [90.4980545, 22.82083321], [90.50722504, 22.81916618], [90.49333191, 22.81083298], [90.49471283, 22.8044548], [90.50777435, 22.81500244], [90.50888824, 22.82166672], [90.49749756, 22.82805634], [90.49777985, 22.83833313], [90.48777771, 22.84444427], [90.52694702, 22.88222122], [90.51667023, 22.87444687], [90.51860809, 22.88305473], [90.53333282, 22.88972282], [90.6305542, 22.87277794], [90.66361237, 22.84638977], [90.68083191, 22.82055473], [90.66944122, 22.81111145], [90.58638763, 22.81111145], [90.54111481, 22.79333305], [90.51222229, 22.80305481], [90.50113678, 22.79951668], [90.52710724, 22.79273987], [90.53816986, 22.77612114], [90.56500244, 22.79750061], [90.59889221, 22.80221939], [90.65526581, 22.78823471], [90.70583344, 22.64388847], [90.72833252, 22.62111092], [90.70388794, 22.62394524], [90.75416565, 22.60805511], [90.77111053, 22.54555511], [90.86694336, 22.43527794], [90.86190033, 22.40286827], [90.84083557, 22.36777687], [90.84444427, 22.29222298], [90.82027435, 22.14138794], [90.78666687, 22.08416748], [90.74028015, 22.05194473], [90.68486023, 22.00175095], [90.63696289, 21.99271965], [90.62036896, 22.00299072], [90.62220764, 22.01593018], [90.63392639, 22.02374077], [90.64084625, 22.03253937], [90.64363098, 22.05320168], [90.63944244, 22.03277779], [90.62358856, 22.01939964], [90.61791229, 22.01062202], [90.59749603, 22.04083252], [90.61921692, 22.1092701], [90.63166046, 22.12104034], [90.63908386, 22.13235664], [90.6194458, 22.11555481], [90.62638092, 22.17425919], [90.62510681, 22.1869812], [90.65027618, 22.21555519], [90.67744446, 22.27702522], [90.68416595, 22.33333397], [90.68147278, 22.36909866], [90.67972565, 22.35944366], [90.67416382, 22.37083244], [90.67722321, 22.39333344], [90.67113495, 22.42628479], [90.67414093, 22.46372032], [90.66827393, 22.53647423], [90.65265656, 22.55833435], [90.62116241, 22.5677681], [90.6198349, 22.58751106], [90.60978699, 22.6015625], [90.6169281, 22.63957977], [90.60459137, 22.66532898], [90.60548401, 22.6898365], [90.59615326, 22.69026566], [90.59526825, 22.71576691], [90.58190918, 22.71083069], [90.58872986, 22.7213459], [90.58260345, 22.72557259], [90.5663681, 22.70282555], [90.5605545, 22.72422409], [90.56034851, 22.70626068], [90.54206848, 22.70735168], [90.54347992, 22.74389076], [90.55776215, 22.76786995], [90.53902435, 22.74938583], [90.53585815, 22.75836372], [90.52996826, 22.75662231], [90.52968597, 22.71494865], [90.51861572, 22.70946884], [90.49143219, 22.74632645], [90.49028778, 22.76723289], [90.48511505, 22.77661324], [90.47246552, 22.78827286], [90.4638443, 22.78599358], [90.45789337, 22.80613327], [90.45704651, 22.79034805], [90.45620728, 22.80869293], [90.47358704, 22.81123924], [90.45433807, 22.81056976], [90.45527649, 22.86361122], [90.44000244, 22.88444519], [90.45694733, 22.89249992]]], [[[90.60138702, 22.90361023], [90.59889221, 22.89166641], [90.59889221, 22.88416672], [90.5736084, 22.88888931], [90.57611084, 22.89527702], [90.58166504, 22.89388847], [90.60138702, 22.90361023]]], [[[90.54802704, 22.89785194], [90.54615784, 22.8995266], [90.54853058, 22.89818573], [90.54802704, 22.89785194]]], [[[90.60028076, 22.90611076], [90.57805634, 22.89777756], [90.5716629, 22.89111137], [90.56472015, 22.89472008], [90.60028076, 22.90611076]]], [[[90.5708313, 22.89861107], [90.57749939, 22.90250015], [90.57940674, 22.90259171], [90.5708313, 22.89861107]]], [[[90.57763672, 22.90848732], [90.5763855, 22.90500069], [90.57527924, 22.90555573], [90.57763672, 22.90848732]]], [[[90.57954407, 22.99034119], [90.58377075, 22.9891758], [90.58431244, 22.98696899], [90.57954407, 22.99034119]]], [[[90.56456757, 23.02216339], [90.57873535, 23.00110817], [90.58187866, 22.99189377], [90.55931091, 23.01251221], [90.56456757, 23.02216339]]], [[[90.52901459, 23.03223419], [90.53066254, 23.03332901], [90.53194427, 23.0322361], [90.52901459, 23.03223419]]], [[[90.54096222, 23.05250359], [90.54430389, 23.04885674], [90.53127289, 23.04883575], [90.54708099, 23.0478096], [90.55427551, 23.05055618], [90.55510712, 23.0430603], [90.53240967, 23.03250313], [90.53095245, 23.04195023], [90.52318573, 23.04584122], [90.54096222, 23.05250359]]], [[[90.59496307, 21.73785973], [90.60083771, 21.74183273], [90.60227203, 21.74128723], [90.59496307, 21.73785973]]], [[[90.60803986, 21.74619293], [90.60431671, 21.74458122], [90.60231018, 21.74472046], [90.60803986, 21.74619293]]], [[[90.6194458, 21.86416817], [90.60705566, 21.84923744], [90.60225677, 21.84762001], [90.6194458, 21.86416817]]], [[[90.60839081, 21.85635757], [90.6000824, 21.85172081], [90.59342957, 21.85583115], [90.60194397, 21.86006165], [90.60839081, 21.85635757]]], [[[90.71070099, 21.87794113], [90.71349335, 21.86738586], [90.7111969, 21.86833191], [90.71070099, 21.87794113]]], [[[90.62697601, 21.87261391], [90.61959839, 21.87247849], [90.62833405, 21.87503433], [90.62697601, 21.87261391]]], [[[90.63594818, 21.89188194], [90.67169189, 21.92065048], [90.64762878, 21.89261818], [90.63594818, 21.89188194]]], [[[90.65371704, 21.97388458], [90.70194244, 21.9738884], [90.68215942, 21.93152809], [90.66462708, 21.92524147], [90.63410187, 21.89285278], [90.61227417, 21.88994598], [90.62532043, 21.93009949], [90.63693237, 21.94412041], [90.6414032, 21.95532036], [90.65357208, 21.97092628], [90.65371704, 21.97388458]]], [[[90.64024353, 21.97092438], [90.6361618, 21.94860268], [90.62620544, 21.94456673], [90.62992859, 21.9682312], [90.64024353, 21.97092438]]], [[[90.64447021, 21.96406937], [90.64110565, 21.96991539], [90.64528656, 21.97174072], [90.64447021, 21.96406937]]], [[[90.64712524, 21.97220993], [90.64750671, 21.96502113], [90.6470108, 21.96502113], [90.64712524, 21.97220993]]], [[[90.71400452, 22.00309181], [90.69898224, 21.98514938], [90.69532776, 21.98427963], [90.71400452, 22.00309181]]], [[[90.59098816, 22.02959061], [90.62023163, 21.98998451], [90.60566711, 21.9780674], [90.58777618, 21.98788071], [90.5854187, 22.00599098], [90.58499146, 21.98779106], [90.56685638, 21.99251366], [90.5736084, 22.01388931], [90.59098816, 22.02959061]]], [[[90.60472107, 22.11972237], [90.60694122, 22.10527992], [90.59777832, 22.0933342], [90.60472107, 22.11972237]]], [[[90.61971283, 22.18066025], [90.62407684, 22.17461014], [90.62194824, 22.17250061], [90.61971283, 22.18066025]]], [[[90.63276672, 22.24250031], [90.63444519, 22.21250153], [90.6166687, 22.19583321], [90.58000183, 22.19028091], [90.57888794, 22.19611168], [90.59805298, 22.23361206], [90.59805298, 22.24194527], [90.63276672, 22.24250031]]], [[[90.59222412, 22.22916603], [90.59222412, 22.24027824], [90.59541321, 22.24118805], [90.59222412, 22.22916603]]], [[[90.65194702, 22.29138756], [90.62611389, 22.26722145], [90.61472321, 22.26250076], [90.64360809, 22.29416656], [90.65194702, 22.29138756]]], [[[90.64666748, 22.35138893], [90.65139008, 22.29444504], [90.64360809, 22.29694366], [90.64555359, 22.30583382], [90.61750031, 22.27305412], [90.62083435, 22.30138969], [90.64666748, 22.35138893]]], [[[90.65305328, 22.32222366], [90.65166473, 22.32166672], [90.65166473, 22.3227787], [90.65305328, 22.32222366]]], [[[90.67444611, 22.29388809], [90.6738739, 22.31597137], [90.67658234, 22.35546112], [90.67444611, 22.29388809]]], [[[90.6341629, 22.34055519], [90.63527679, 22.35000038], [90.64055634, 22.35333252], [90.6341629, 22.34055519]]], [[[90.63695526, 22.36787415], [90.63694763, 22.36305618], [90.63555908, 22.3619442], [90.63695526, 22.36787415]]], [[[90.65750122, 22.38333321], [90.66611481, 22.37361145], [90.65638733, 22.35527611], [90.65750122, 22.38333321]]], [[[90.63027954, 22.37333298], [90.63277435, 22.37388992], [90.63083649, 22.37194443], [90.63027954, 22.37333298]]], [[[90.66833496, 22.43889046], [90.67166901, 22.38750267], [90.66083527, 22.40944481], [90.66833496, 22.43889046]]], [[[90.59629822, 22.42468834], [90.60817719, 22.41824722], [90.61305237, 22.40833282], [90.59629822, 22.42468834]]], [[[90.64277649, 22.48833275], [90.64916992, 22.48138809], [90.64527893, 22.46138954], [90.63228607, 22.46326637], [90.62113953, 22.46159172], [90.64555359, 22.45583344], [90.63972473, 22.41749954], [90.62611389, 22.43671417], [90.64138794, 22.41166878], [90.64305878, 22.37833214], [90.60972595, 22.41944313], [90.59111023, 22.43361092], [90.61555481, 22.47805786], [90.64277649, 22.48833275]]], [[[90.67055511, 22.44916534], [90.66999817, 22.46639061], [90.67110443, 22.47073746], [90.67055511, 22.44916534]]], [[[90.67166901, 22.47194481], [90.67179871, 22.47666931], [90.67250061, 22.47138977], [90.67166901, 22.47194481]]], [[[90.66977692, 22.47801018], [90.67020416, 22.48504448], [90.67020416, 22.47754097], [90.66977692, 22.47801018]]], [[[90.58583069, 22.52444458], [90.60888672, 22.49416733], [90.60610962, 22.48000145], [90.59610748, 22.4897213], [90.58583069, 22.52444458]]], [[[90.64027405, 22.54999924], [90.65472412, 22.54333305], [90.64638519, 22.53694534], [90.64167023, 22.54528046], [90.64194489, 22.53055573], [90.63473511, 22.53596687], [90.64666748, 22.51638794], [90.64888763, 22.4897213], [90.62750244, 22.49360847], [90.59972382, 22.53471947], [90.61138916, 22.54805565], [90.64027405, 22.54999924]]], [[[90.67749786, 22.79805565], [90.66249847, 22.7919445], [90.65888977, 22.79555511], [90.67749786, 22.79805565]]], [[[90.67108917, 22.80527687], [90.65972137, 22.79888725], [90.65055847, 22.80333138], [90.67108917, 22.80527687]]], [[[90.61528015, 22.88222122], [90.62110901, 22.87861061], [90.61360931, 22.87888718], [90.61528015, 22.88222122]]], [[[90.62026215, 22.88491058], [90.62242126, 22.88537788], [90.62012482, 22.88397026], [90.62026215, 22.88491058]]], [[[90.60388947, 22.89888954], [90.61083221, 22.89194489], [90.60305786, 22.88500023], [90.60388947, 22.89888954]]], [[[90.59266663, 22.90646744], [90.59553528, 22.90981674], [90.59525299, 22.90767479], [90.59266663, 22.90646744]]], [[[90.60916901, 22.9216671], [90.60861206, 22.91861153], [90.60861206, 22.9216671], [90.60916901, 22.9216671]]], [[[90.59789276, 22.92532158], [90.59753418, 22.92364883], [90.59594727, 22.92364883], [90.59789276, 22.92532158]]], [[[90.64444733, 22.94111061], [90.65000153, 22.93111038], [90.64888763, 22.92888832], [90.64250183, 22.93305588], [90.64444733, 22.94111061]]], [[[90.6341629, 22.95138931], [90.63999939, 22.94555473], [90.63194275, 22.95000267], [90.6341629, 22.95138931]]], [[[90.62444305, 22.95583344], [90.63166809, 22.95166588], [90.63111115, 22.94111061], [90.62444305, 22.95583344]]], [[[90.61888885, 22.96583366], [90.63500214, 22.95638847], [90.63777924, 22.95194435], [90.61888885, 22.96583366]]], [[[90.59278107, 22.95999718], [90.59394836, 22.96055603], [90.59388733, 22.95908928], [90.59278107, 22.95999718]]], [[[90.59610748, 22.99166679], [90.60111237, 22.99166679], [90.59889221, 22.98771858], [90.59610748, 22.99166679]]], [[[90.72538757, 21.80454826], [90.72510529, 21.79946327], [90.72420502, 21.7988739], [90.72538757, 21.80454826]]], [[[90.72400665, 21.80363083], [90.72254181, 21.80369949], [90.72371674, 21.80482864], [90.72400665, 21.80363083]]], [[[90.73110199, 21.84506226], [90.73287964, 21.84500122], [90.73111725, 21.84443283], [90.73110199, 21.84506226]]], [[[90.77529144, 21.84675026], [90.76626587, 21.84943962], [90.77056885, 21.86033058], [90.77529144, 21.84675026]]], [[[90.77672577, 21.85374069], [90.77987671, 21.8522625], [90.77987671, 21.85037994], [90.77672577, 21.85374069]]], [[[90.780159, 21.86664963], [90.77629089, 21.86020088], [90.77457428, 21.87055206], [90.780159, 21.86664963]]], [[[90.82298279, 21.87155914], [90.81524658, 21.86147499], [90.80636597, 21.86457062], [90.81037903, 21.87277031], [90.82298279, 21.87155914]]], [[[90.82215118, 21.8848896], [90.81613922, 21.88825035], [90.82644653, 21.89235115], [90.82215118, 21.8848896]]], [[[90.75271606, 21.92482376], [90.76117706, 21.91008568], [90.73504639, 21.86042976], [90.72107697, 21.85871124], [90.71907806, 21.88319016], [90.71549225, 21.87465858], [90.71072388, 21.87925148], [90.73766327, 21.92626953], [90.75271606, 21.92482376]]], [[[90.81785583, 21.89806938], [90.80195618, 21.8901329], [90.80224609, 21.89618111], [90.81083679, 21.90183258], [90.8119812, 21.90291023], [90.81183624, 21.90465927], [90.79065704, 21.89116096], [90.79006958, 21.87870026], [90.77732849, 21.87977982], [90.79366302, 21.90976906], [90.80912018, 21.91110992], [90.81785583, 21.89806938]]], [[[90.73042297, 21.91866112], [90.73134613, 21.92107964], [90.73314667, 21.92041016], [90.73042297, 21.91866112]]], [[[90.73200226, 21.92263031], [90.7351532, 21.92558861], [90.73200226, 21.92229271], [90.73200226, 21.92263031]]], [[[90.85378265, 21.94650078], [90.85501099, 21.94804955], [90.85507965, 21.94636536], [90.85378265, 21.94650078]]], [[[90.83721161, 21.95034981], [90.83355713, 21.95639992], [90.84093475, 21.95034409], [90.83721161, 21.95034981]]], [[[90.85605621, 21.95430756], [90.8543396, 21.95874405], [90.85677338, 21.95450783], [90.85605621, 21.95430756]]], [[[90.84008026, 21.97166252], [90.8502121, 21.95534515], [90.8438797, 21.95063019], [90.83084106, 21.96440125], [90.84008026, 21.97166252]]], [[[90.84903717, 21.98413086], [90.85426331, 21.99106026], [90.85813141, 21.98763084], [90.85598755, 21.98232269], [90.84903717, 21.98413086]]], [[[90.82802582, 21.99198151], [90.81793976, 21.98011971], [90.80947113, 21.97985268], [90.82415771, 21.99628067], [90.82802582, 21.99198151]]], [[[90.86000061, 22.00222015], [90.86277771, 22.00250053], [90.86138916, 22.00083351], [90.86000061, 22.00222015]]], [[[90.84638977, 22.01722145], [90.84571838, 21.99857712], [90.83984375, 21.99205589], [90.83627319, 22.01166916], [90.84638977, 22.01722145]]], [[[90.72666931, 22.01361275], [90.71833038, 22.00361061], [90.71569824, 22.00513458], [90.72249603, 22.01277924], [90.72666931, 22.01361275]]], [[[90.7519455, 22.04972267], [90.7518158, 22.0387001], [90.73472595, 22.03222275], [90.73777771, 22.02666664], [90.72833252, 22.02056122], [90.73332977, 22.01832962], [90.72055817, 22.01388931], [90.73583221, 22.0419426], [90.7519455, 22.04972267]]], [[[90.80555725, 22.0391674], [90.80110931, 22.04277802], [90.80527496, 22.04444313], [90.80555725, 22.0391674]]], [[[90.89055634, 22.07452011], [90.89611053, 22.05194092], [90.8841629, 22.04861069], [90.87998962, 22.0672226], [90.89055634, 22.07452011]]], [[[90.88580322, 22.08747292], [90.89112091, 22.08103943], [90.88321686, 22.08666992], [90.88580322, 22.08747292]]], [[[90.8813324, 22.08719254], [90.88204956, 22.09120941], [90.88376617, 22.09041023], [90.8813324, 22.08719254]]], [[[90.88163757, 22.09229088], [90.88234711, 22.09632111], [90.8830719, 22.09632111], [90.88163757, 22.09229088]]], [[[90.89694214, 22.13027], [90.89360809, 22.11889076], [90.88302612, 22.10987091], [90.89694214, 22.13027]]], [[[90.81939697, 22.13355446], [90.8180542, 22.13194466], [90.81824493, 22.13435745], [90.81939697, 22.13355446]]], [[[90.89982605, 22.1318512], [90.90299225, 22.13800812], [90.90040588, 22.13076019], [90.89982605, 22.1318512]]], [[[90.84986115, 22.17871475], [90.85259247, 22.17965317], [90.85244751, 22.17603493], [90.84986115, 22.17871475]]], [[[90.83308411, 22.17861176], [90.83694458, 22.17861176], [90.83694458, 22.1772213], [90.83308411, 22.17861176]]], [[[90.98712158, 22.35006714], [91.00111389, 22.28694534], [90.99222565, 22.21138954], [90.96140289, 22.14723015], [90.93167114, 22.11042976], [90.92194366, 22.07416534], [90.90972137, 22.07167053], [90.90055847, 22.08083153], [90.89861298, 22.10472298], [90.89296722, 22.09445953], [90.88749695, 22.09389114], [90.96778107, 22.28499985], [90.96806335, 22.34721947], [90.98712158, 22.35006714]]], [[[90.89588165, 22.2439003], [90.90048218, 22.23077011], [90.89717102, 22.22942924], [90.89646149, 22.2233963], [90.89588165, 22.2439003]]], [[[90.92333221, 22.24694443], [90.92944336, 22.24361038], [90.92277527, 22.24277687], [90.92333221, 22.24694443]]], [[[90.9033432, 22.26750183], [90.90860748, 22.26056099], [90.90555573, 22.24194527], [90.89694214, 22.25667], [90.9033432, 22.26750183]]], [[[90.93888855, 22.28667068], [90.94167328, 22.27778053], [90.93229675, 22.24964523], [90.9263916, 22.25139046], [90.9311142, 22.2816658], [90.93888855, 22.28667068]]], [[[90.90432739, 22.29021835], [90.90663147, 22.28801155], [90.90605164, 22.28728104], [90.90432739, 22.29021835]]], [[[90.93250275, 22.35361099], [90.93694305, 22.33221817], [90.92444611, 22.30027962], [90.91504669, 22.29463959], [90.90805817, 22.30360031], [90.93250275, 22.35361099]]], [[[90.87014008, 22.35186386], [90.87294006, 22.35273361], [90.86992645, 22.3509922], [90.87014008, 22.35186386]]], [[[90.87361145, 22.36527824], [90.86194611, 22.34861183], [90.87116241, 22.37245369], [90.87361145, 22.36527824]]], [[[90.8861084, 22.39860916], [90.88639069, 22.34027863], [90.87966919, 22.33462524], [90.88388824, 22.36111259], [90.87833405, 22.36750031], [90.88620758, 22.37779999], [90.8758316, 22.36666679], [90.8730545, 22.37472153], [90.8861084, 22.39860916]]], [[[90.97777557, 22.41666603], [90.98557281, 22.3869381], [90.97640228, 22.37249756], [90.96472168, 22.37194443], [90.95276642, 22.38445091], [90.95333099, 22.40999985], [90.97000122, 22.42083359], [90.97777557, 22.41666603]]], [[[90.80139923, 22.63680077], [90.80527496, 22.64694595], [90.80666351, 22.64777756], [90.80139923, 22.63680077]]]]}}, {"type": "Feature", "properties": {"region_id": 2, "region_name": "Chittagong"}, "geometry": {"type": "MultiPolygon", "coordinates": [[[[90.95394897, 22.01394081], [90.9522171, 22.01358032], [90.95194244, 22.01445389], [90.95394897, 22.01394081]]], [[[90.95307159, 22.03083992], [90.95281982, 22.02550697], [90.94972992, 22.02359009], [90.95307159, 22.03083992]]], [[[90.95939636, 22.03261185], [90.95558929, 22.02986145], [90.95609283, 22.03307915], [90.95939636, 22.03261185]]], [[[90.96111298, 22.03359985], [90.9681015, 22.03556061], [90.96974945, 22.03139114], [90.96111298, 22.03359985]]], [[[90.96025848, 22.03877449], [90.96234131, 22.03957748], [90.96040344, 22.03837013], [90.96025848, 22.03877449]]], [[[90.9683075, 22.4442997], [90.96861267, 22.42610931], [90.95417023, 22.42500114], [90.94750214, 22.43916893], [90.9683075, 22.4442997]]], [[[90.88471985, 22.50527954], [90.89194489, 22.50166512], [90.89083099, 22.49500275], [90.88471985, 22.4972229], [90.88471985, 22.50527954]]], [[[90.87889099, 22.49666595], [90.8777771, 22.50388718], [90.88194275, 22.49916649], [90.87889099, 22.49666595]]], [[[90.87333679, 22.50861168], [90.8722229, 22.50555611], [90.8702774, 22.50805473], [90.87333679, 22.50861168]]], [[[90.85250092, 22.58916664], [90.88194275, 22.57472038], [90.92166901, 22.57249832], [90.95722198, 22.54444504], [90.9438858, 22.53583336], [90.96083069, 22.54027748], [90.98638916, 22.50499725], [90.94750214, 22.49138832], [90.94277954, 22.51194382], [90.9411087, 22.49194527], [90.91860962, 22.49555588], [90.91527557, 22.50916672], [90.91083527, 22.50166512], [90.90194702, 22.50777817], [90.83777618, 22.56749916], [90.85250092, 22.58916664]]], [[[90.8334198, 22.63239479], [90.83227539, 22.63091469], [90.8325119, 22.63286781], [90.8334198, 22.63239479]]], [[[90.8536911, 22.66451836], [90.85168457, 22.66271019], [90.84945679, 22.66539001], [90.8536911, 22.66451836]]], [[[91.00305176, 22.57333374], [90.90139008, 22.63972282], [90.89055634, 22.65833473], [90.86250305, 22.66361046], [90.84916687, 22.68110847], [90.85472107, 22.66666603], [90.83611298, 22.67861176], [90.77749634, 22.77805519], [90.78250122, 22.82777786], [90.76166534, 22.86666679], [90.76916504, 22.86722183], [90.77361298, 22.8702774], [90.76194763, 22.86777687], [90.73916626, 22.89305496], [90.71494293, 22.94378281], [90.68861389, 22.97833443], [90.67888641, 22.9802475], [90.67444611, 22.97888947], [90.66249847, 22.96722221], [90.64499664, 22.98944473], [90.63583374, 23.02222252], [90.63861084, 23.08361053], [90.65333557, 23.12361336], [90.6388855, 23.16916656], [90.64277649, 23.18388939], [90.64131927, 23.19486427], [90.63972473, 23.18749809], [90.63527679, 23.19166756], [90.63772583, 23.22083664], [90.61366272, 23.21854973], [90.57435608, 23.30165291], [90.57988739, 23.33286095], [90.5515976, 23.35123062], [90.53919983, 23.38430023], [90.59313965, 23.48685074], [90.62164307, 23.49034119], [90.64470673, 23.50303268], [90.685112, 23.4885807], [90.71154022, 23.50403976], [90.68540192, 23.55779076], [90.64634705, 23.57398033], [90.65497589, 23.58770752], [90.66864777, 23.58749008], [90.66021729, 23.61104965], [90.62970734, 23.61917114], [90.64910889, 23.67539024], [90.68145752, 23.67938995], [90.72241974, 23.66125107], [90.73477936, 23.66745186], [90.74362183, 23.69544983], [90.72432709, 23.72369957], [90.72267914, 23.74022102], [90.76597595, 23.79697037], [90.75636292, 23.85167122], [90.78145599, 23.86460114], [90.83502197, 23.86169815], [90.86044312, 23.87374115], [90.88237, 23.85466957], [90.907547, 23.85968018], [90.92324829, 23.90262985], [90.94767761, 23.91855812], [90.94680786, 23.94708061], [90.97218323, 23.96619034], [90.96792603, 24.00640106], [90.98429871, 24.03448105], [91.0533905, 24.08332062], [91.04590607, 24.1110611], [91.00028992, 24.13443947], [90.98401642, 24.15989113], [91.01722717, 24.17897987], [91.03824615, 24.2071991], [91.09221649, 24.20417976], [91.07897186, 24.21813965], [91.08320618, 24.23835754], [91.14124298, 24.23948288], [91.17745209, 24.2634201], [91.2042923, 24.23623276], [91.28717804, 24.22550964], [91.28746033, 24.2480011], [91.31175232, 24.26925087], [91.3254776, 24.26284027], [91.32570648, 24.23312187], [91.30737305, 24.22307014], [91.29859924, 24.22630119], [91.29653168, 24.21453094], [91.28456879, 24.22018051], [91.27649689, 24.20297813], [91.28359222, 24.19689941], [91.31404877, 24.20568085], [91.31581116, 24.19009018], [91.30484009, 24.19349098], [91.28029633, 24.18264961], [91.26243591, 24.14556122], [91.27156067, 24.14335823], [91.2713623, 24.12742043], [91.29184723, 24.12096024], [91.2720871, 24.11437988], [91.26915741, 24.10137939], [91.29187012, 24.09731293], [91.28837585, 24.06215286], [91.30412292, 24.06039047], [91.31411743, 24.04091072], [91.30885315, 24.01728821], [91.29805756, 24.01845932], [91.29673767, 24.00309944], [91.30641174, 23.99856949], [91.30062866, 23.97501945], [91.28948975, 23.96803093], [91.28367615, 23.9831028], [91.27326965, 23.96665955], [91.26608276, 23.94864082], [91.27626801, 23.92624092], [91.23522186, 23.92860031], [91.24945068, 23.91329002], [91.23216248, 23.89949036], [91.2325058, 23.8832016], [91.25760651, 23.83965111], [91.23206329, 23.79701042], [91.23409271, 23.76935959], [91.224617, 23.74010086], [91.21090698, 23.75156021], [91.17236328, 23.75205994], [91.16166687, 23.74266052], [91.15448761, 23.70983124], [91.15828705, 23.69122124], [91.21006012, 23.6875515], [91.2098999, 23.6565876], [91.19889069, 23.64697075], [91.19522858, 23.65527916], [91.17616272, 23.65719032], [91.16127777, 23.67060089], [91.16657257, 23.59873962], [91.18208313, 23.59374046], [91.17959595, 23.58576012], [91.19889069, 23.5656929], [91.19944763, 23.54798126], [91.21801758, 23.54836082], [91.20687866, 23.51777077], [91.22711945, 23.51400948], [91.22445679, 23.50237083], [91.2390213, 23.50311089], [91.23739624, 23.49458122], [91.25377655, 23.48971939], [91.25985718, 23.44848061], [91.28211975, 23.41615105], [91.28649902, 23.37799072], [91.29811096, 23.37874985], [91.29090881, 23.37181091], [91.29988861, 23.36230278], [91.29666901, 23.35447121], [91.3256073, 23.36231041], [91.31495667, 23.34473991], [91.30251312, 23.34114838], [91.29725647, 23.32098007], [91.31591797, 23.31428146], [91.32154846, 23.3021698], [91.30641937, 23.29055977], [91.32256317, 23.28210068], [91.31646729, 23.27468109], [91.32534027, 23.25374985], [91.33230591, 23.2527504], [91.32554626, 23.24067116], [91.33033752, 23.15767288], [91.33934021, 23.15101051], [91.35362244, 23.1001606], [91.37767792, 23.06405067], [91.40228271, 23.05179977], [91.42199707, 23.05924988], [91.42251587, 23.0792408], [91.40801239, 23.09473038], [91.38883972, 23.17946053], [91.39582062, 23.22344017], [91.4156723, 23.24488258], [91.40770721, 23.25356293], [91.40779114, 23.26087952], [91.41810608, 23.25429916], [91.41900635, 23.28022194], [91.42368317, 23.25502014], [91.4597168, 23.25471115], [91.45168304, 23.2434597], [91.46673584, 23.23847961], [91.47480011, 23.22562027], [91.45861816, 23.21542168], [91.48597717, 23.21224022], [91.4888916, 23.19896126], [91.47424316, 23.18883705], [91.51093292, 23.18203926], [91.4982605, 23.17331123], [91.50379181, 23.16579056], [91.49742889, 23.15331078], [91.51029205, 23.1505909], [91.50276947, 23.14513016], [91.50904083, 23.13796043], [91.52172089, 23.13910294], [91.50891113, 23.12721062], [91.52352142, 23.11425018], [91.51550293, 23.1055603], [91.53527832, 23.08704758], [91.53125763, 23.07933044], [91.53929138, 23.0620594], [91.52857971, 23.05364037], [91.54139709, 23.05042076], [91.53851318, 23.03471947], [91.55419922, 23.03377914], [91.54408264, 23.01786995], [91.55327606, 23.01575851], [91.54683685, 22.9994297], [91.56259918, 22.98968124], [91.56279755, 22.97645187], [91.58335114, 22.9632206], [91.59739685, 22.97574043], [91.59963989, 22.96960831], [91.61196136, 22.97335052], [91.60485077, 22.95603943], [91.61923981, 22.9597702], [91.61871338, 22.94415092], [91.65267944, 22.9831028], [91.65213776, 22.99195099], [91.67543793, 22.98789024], [91.68199921, 22.99616051], [91.68849945, 22.98793983], [91.69834137, 23.00264168], [91.72557831, 22.98932076], [91.75605011, 23.01561928], [91.77337646, 23.04405975], [91.78504181, 23.03170967], [91.78035736, 23.06852913], [91.81513214, 23.06985092], [91.83550262, 23.09391022], [91.82229614, 23.10276031], [91.82086182, 23.12265968], [91.81385803, 23.11857986], [91.81781769, 23.12768173], [91.79940796, 23.19667816], [91.79136658, 23.21044159], [91.78556061, 23.20783997], [91.79216766, 23.2293129], [91.77276611, 23.25135994], [91.77484894, 23.27806091], [91.79026031, 23.3090992], [91.84397125, 23.38037109], [91.83812714, 23.38449287], [91.8473587, 23.40023041], [91.90351105, 23.44144821], [91.94178009, 23.43758965], [91.94718933, 23.44404984], [91.94181061, 23.46911049], [91.97516632, 23.48244286], [91.97422791, 23.5043602], [91.95964813, 23.52021027], [91.96788788, 23.5289402], [91.9609375, 23.53762817], [91.96386719, 23.57883072], [91.95098877, 23.58636093], [91.95667267, 23.61792183], [91.94230652, 23.68180847], [91.9573288, 23.69911957], [91.96211243, 23.72770119], [91.98361969, 23.72974014], [92.02312469, 23.65796471], [92.03553009, 23.66166115], [92.07067108, 23.64464951], [92.0870285, 23.65386963], [92.09065247, 23.67712021], [92.10588837, 23.6764698], [92.15045929, 23.73249054], [92.17179871, 23.74245834], [92.18099976, 23.74155045], [92.18654633, 23.71051979], [92.21772766, 23.69519043], [92.2129364, 23.66420174], [92.22025299, 23.6585598], [92.23813629, 23.67027092], [92.2469101, 23.69175911], [92.24147034, 23.71363068], [92.25180817, 23.72652054], [92.2691803, 23.72811127], [92.29489899, 23.69423103], [92.28144073, 23.63005066], [92.30017853, 23.6252594], [92.29360962, 23.59596062], [92.30586243, 23.59126282], [92.31799316, 23.55461121], [92.31282043, 23.53378105], [92.32319641, 23.52465248], [92.32344055, 23.49015045], [92.33255005, 23.47865105], [92.32319641, 23.47380257], [92.33805084, 23.46447945], [92.33233643, 23.46133041], [92.33908081, 23.45601082], [92.34076691, 23.43118286], [92.3502121, 23.43425941], [92.35250092, 23.41477013], [92.36177063, 23.40907288], [92.3598175, 23.38128853], [92.36914063, 23.37890053], [92.36418915, 23.36952019], [92.37435913, 23.37102127], [92.38040161, 23.3624897], [92.38353729, 23.35021019], [92.37285614, 23.32292938], [92.38771057, 23.30855942], [92.39610291, 23.26735115], [92.40863037, 23.2460804], [92.36109924, 23.23753738], [92.36219788, 23.19202995], [92.37162781, 23.15975189], [92.36473846, 23.13742065], [92.37343597, 23.12787056], [92.36579895, 23.1059494], [92.38388062, 23.08743095], [92.39366913, 23.05816841], [92.3854599, 23.0379982], [92.37542725, 22.93488121], [92.39655304, 22.93160057], [92.40563202, 22.91609955], [92.4214325, 22.92012024], [92.43289948, 22.88693047], [92.44753265, 22.89359093], [92.45826721, 22.87195969], [92.45352936, 22.86556053], [92.46437073, 22.8560276], [92.45768738, 22.82113647], [92.47779083, 22.79833031], [92.48652649, 22.77283096], [92.48130035, 22.76245117], [92.49212646, 22.75386238], [92.48461914, 22.75024986], [92.51139832, 22.73661041], [92.50421143, 22.73567963], [92.52697754, 22.67616081], [92.53980255, 22.60411072], [92.54049683, 22.57875061], [92.53144836, 22.56233978], [92.54161835, 22.55410004], [92.55278015, 22.52050018], [92.56562042, 22.3918705], [92.58753204, 22.32098007], [92.58616638, 22.28938103], [92.59767914, 22.25715065], [92.60475159, 22.18251038], [92.6138916, 22.17294121], [92.60997772, 22.12130928], [92.58763885, 22.13965988], [92.57041931, 22.12912178], [92.60498047, 22.05763054], [92.59902954, 22.03775978], [92.61154938, 22.00016975], [92.61241913, 21.94034004], [92.62667847, 21.88458061], [92.61245728, 21.83723068], [92.61839294, 21.82517052], [92.60920715, 21.80594254], [92.60124207, 21.69922066], [92.61943817, 21.49607086], [92.64820099, 21.35810089], [92.67366028, 21.29128075], [92.63012695, 21.26402855], [92.61419678, 21.24213028], [92.5960083, 21.24403763], [92.59348297, 21.27224922], [92.55990601, 21.36292076], [92.54747009, 21.37045097], [92.5280304, 21.35903168], [92.51168823, 21.36211967], [92.51029968, 21.34815979], [92.49997711, 21.34439278], [92.43096161, 21.364851], [92.42222595, 21.42761993], [92.37992096, 21.47342682], [92.3416214, 21.45445061], [92.33020782, 21.42871094], [92.31046295, 21.41290092], [92.2894516, 21.42340851], [92.26998901, 21.42308044], [92.2673111, 21.39570045], [92.25489807, 21.38760948], [92.25585938, 21.3579998], [92.23208618, 21.35137939], [92.19860077, 21.32299995], [92.20407104, 21.28980064], [92.22850037, 21.23051071], [92.21292877, 21.21199036], [92.20739746, 21.21549988], [92.18927765, 21.17650032], [92.20655823, 21.1432209], [92.22702789, 21.13578987], [92.21914673, 21.11918068], [92.26416779, 21.06305504], [92.25138855, 21.03471947], [92.26196289, 20.95020103], [92.27202606, 20.91577148], [92.29975128, 20.8885498], [92.31999969, 20.84168053], [92.34305573, 20.75694466], [92.33638763, 20.74111176], [92.3133316, 20.76028061], [92.2766571, 20.83971977], [92.22780609, 20.90986061], [92.20230103, 20.9607048], [92.18444824, 21.02000046], [92.04944611, 21.17916679], [92.04776764, 21.29916954], [92.01721954, 21.36832809], [91.95054626, 21.45360947], [91.95123291, 21.46618271], [91.95552826, 21.46214485], [91.96844482, 21.47494507], [91.96841431, 21.45326805], [91.97013855, 21.45030975], [91.97471619, 21.44681168], [91.98130798, 21.45030975], [91.97013855, 21.4513855], [91.97386169, 21.47397995], [92.0, 21.51555824], [92.00749969, 21.50083351], [92.01305389, 21.50027847], [92.0, 21.51861191], [91.99362183, 21.57780075], [92.00515747, 21.59603119], [92.01527405, 21.59250069], [92.01016235, 21.59750938], [92.01944733, 21.60444069], [92.01832581, 21.61249924], [92.01000214, 21.62666702], [92.0402832, 21.65361977], [92.03833008, 21.65806007], [92.03407288, 21.658741], [92.03833008, 21.65306282], [92.0091629, 21.62778282], [92.01873779, 21.60591125], [92.00859833, 21.60111046], [91.99562836, 21.64612007], [92.0, 21.6566658], [92.01416779, 21.65722084], [92.02082825, 21.65971947], [91.99448395, 21.65957069], [91.979599, 21.6557312], [91.96154022, 21.6714077], [91.97872925, 21.68270111], [91.98388672, 21.69480515], [91.96096802, 21.67597961], [91.94550323, 21.73945618], [91.93862915, 21.74981117], [91.94857788, 21.75626755], [91.95044708, 21.76023102], [91.9466629, 21.77583122], [91.9513855, 21.7808342], [91.95305634, 21.7863903], [91.97416687, 21.78972244], [91.95249939, 21.78777695], [91.94525909, 21.77499962], [91.94835663, 21.75855255], [91.93891144, 21.75317192], [91.93634033, 21.7469902], [91.96069336, 21.66736984], [91.98845673, 21.63051987], [91.97557831, 21.50947952], [91.9500885, 21.50141335], [91.9200058, 21.50167847], [91.91570282, 21.50786972], [91.91886139, 21.50275993], [91.91313934, 21.50733185], [91.9119873, 21.50168419], [91.90511322, 21.50356674], [91.90196228, 21.51970482], [91.89308929, 21.52078056], [91.90396881, 21.50840759], [91.8956604, 21.50410461], [91.91056061, 21.49468994], [91.90081787, 21.4906559], [91.91169739, 21.48366165], [91.90654755, 21.47451973], [91.89137268, 21.48097038], [91.85527802, 21.51674652], [91.86071777, 21.51943588], [91.86673737, 21.50652504], [91.87160492, 21.50302887], [91.86680603, 21.52164078], [91.85154724, 21.52885056], [91.86100769, 21.54418182], [91.87503815, 21.53799057], [91.88593292, 21.54553032], [91.8936615, 21.54014778], [91.8970871, 21.54121971], [91.87249756, 21.56055641], [91.89939117, 21.57726479], [91.88076782, 21.57161713], [91.87274933, 21.58264351], [91.87905121, 21.61841774], [91.8864975, 21.61922073], [91.88535309, 21.63293839], [91.89451599, 21.64585114], [91.87992096, 21.68527031], [91.90654755, 21.69884109], [91.91371155, 21.7077179], [91.90969849, 21.7381115], [91.91027069, 21.7077179], [91.87761688, 21.68458557], [91.88391876, 21.64719772], [91.86186218, 21.66064644], [91.8549881, 21.67571068], [91.9099884, 21.81691933], [91.91313934, 21.88578033], [91.89795685, 21.94333839], [91.88878632, 21.94710541], [91.88735962, 21.95033264], [91.89279938, 21.94709969], [91.88564301, 21.97696114], [91.8694458, 22.00194359], [91.87805176, 22.02083588], [91.87527466, 22.04583359], [91.8797226, 22.04277992], [91.86166382, 22.08777618], [91.86250305, 22.11416435], [91.85865784, 22.12245369], [91.84333038, 22.11528015], [91.83165741, 22.13529015], [91.81388855, 22.19499969], [91.81469727, 22.22969246], [91.79833221, 22.22610855], [91.76499939, 22.27222061], [91.76860809, 22.29555511], [91.74583435, 22.39916611], [91.69444275, 22.50945282], [91.65638733, 22.55666733], [91.5983429, 22.61000061], [91.55999756, 22.66194534], [91.46555328, 22.71999931], [91.45527649, 22.74333], [91.46722412, 22.76028061], [91.45555878, 22.74916077], [91.44833374, 22.78249931], [91.41805267, 22.81027794], [91.42944336, 22.82444382], [91.42972565, 22.83972168], [91.409729, 22.80861092], [91.41361237, 22.79888725], [91.42388916, 22.79722214], [91.42193604, 22.78667068], [91.43165588, 22.77333069], [91.41889954, 22.74806023], [91.40750122, 22.75555992], [91.40555573, 22.76888847], [91.38083649, 22.78499985], [91.36141205, 22.77225876], [91.38889313, 22.76416969], [91.38639069, 22.75278091], [91.375, 22.74833107], [91.34055328, 22.75167084], [91.30722046, 22.74472237], [91.28721619, 22.75529099], [91.27388763, 22.74666595], [91.27055359, 22.75944519], [91.27027893, 22.74583244], [91.27555847, 22.74444389], [91.28221893, 22.75000191], [91.29894257, 22.74106979], [91.25805664, 22.69555092], [91.22666931, 22.72056007], [91.21639252, 22.71166611], [91.1991806, 22.7305603], [91.19333649, 22.73195076], [91.18695068, 22.72750092], [91.1986084, 22.72833252], [91.21221924, 22.70444489], [91.23361206, 22.70417976], [91.24388885, 22.68305588], [91.23166656, 22.68527985], [91.22915649, 22.68139267], [91.25583649, 22.67917061], [91.28111267, 22.63944435], [91.26304626, 22.63417053], [91.24472046, 22.61554909], [91.24360657, 22.60861015], [91.24833679, 22.59749985], [91.26389313, 22.57168007], [91.2491684, 22.55389023], [91.23000336, 22.55694389], [91.16610718, 22.5194397], [91.15499878, 22.52416992], [91.16249847, 22.53277969], [91.15833282, 22.53750038], [91.15305328, 22.54083252], [91.14277649, 22.53471947], [91.13584137, 22.55583], [91.12194824, 22.56303978], [91.13376617, 22.55536842], [91.12917328, 22.53944016], [91.11333466, 22.53944588], [91.08999634, 22.52027893], [91.07749939, 22.49833107], [91.00305176, 22.57333374]]], [[[90.73860931, 22.83666611], [90.75444794, 22.82860947], [90.7436142, 22.82500076], [90.74749756, 22.81694221], [90.74472046, 22.81888962], [90.73860931, 22.83666611]]], [[[90.72721863, 22.90944481], [90.72000122, 22.92194366], [90.72026825, 22.92262459], [90.72721863, 22.90944481]]], [[[90.6855545, 22.97888947], [90.71360779, 22.94083595], [90.71591187, 22.9320507], [90.69805908, 22.94527626], [90.71611023, 22.92861176], [90.73305511, 22.89194489], [90.72888947, 22.88055611], [90.71805573, 22.90027809], [90.72499847, 22.87666512], [90.69499969, 22.92194366], [90.69721985, 22.93250084], [90.6911087, 22.93972206], [90.69249725, 22.92388916], [90.66555786, 22.96444511], [90.67388916, 22.9766674], [90.6855545, 22.97888947]]], [[[90.71645355, 22.92952919], [90.71674347, 22.93026924], [90.71796417, 22.92752075], [90.71645355, 22.92952919]]], [[[90.64269257, 23.11841583], [90.63694763, 23.13138962], [90.63388824, 23.15222359], [90.64499664, 23.14138794], [90.64269257, 23.11841583]]], [[[90.63388824, 23.16722488], [90.64194489, 23.14972115], [90.64138794, 23.1483326], [90.63388824, 23.16722488]]], [[[90.63527679, 23.18611145], [90.64111328, 23.18166733], [90.6361084, 23.16861153], [90.63527679, 23.18611145]]], [[[90.60666656, 23.20694542], [90.60514069, 23.20541763], [90.60521698, 23.20590973], [90.60666656, 23.20694542]]], [[[91.08361053, 22.06389046], [91.08528137, 22.05055618], [91.05249786, 22.02416611], [91.0577774, 22.05778122], [91.08361053, 22.06389046]]], [[[91.00389099, 22.08944511], [91.02777863, 22.07555962], [91.02749634, 22.05333328], [91.01139069, 22.03305435], [90.98860931, 22.02139091], [90.9777832, 22.03026962], [90.97416687, 22.05111122], [90.9916687, 22.08638954], [91.00389099, 22.08944511]]], [[[91.01167297, 22.10435104], [91.01908875, 22.0961895], [91.01808167, 22.09398079], [91.01025391, 22.09591866], [91.01167297, 22.10435104]]], [[[91.15000153, 22.13194466], [91.15110779, 22.13666725], [91.15333557, 22.13666725], [91.15000153, 22.13194466]]], [[[91.00746155, 22.15209961], [91.00327301, 22.14034081], [91.00730133, 22.15331268], [91.00746155, 22.15209961]]], [[[91.00031281, 22.16060829], [91.0009613, 22.15559578], [90.99950409, 22.15559006], [91.00031281, 22.16060829]]], [[[91.07305908, 22.42555618], [91.13054657, 22.4011116], [91.13194275, 22.38555908], [91.15277863, 22.3655529], [91.16694641, 22.32333183], [91.19166565, 22.28527832], [91.19416809, 22.24278069], [91.1763916, 22.19221115], [91.16944122, 22.19166756], [91.16722107, 22.16917038], [91.14416504, 22.14388657], [91.13805389, 22.1455555], [91.1361084, 22.13027954], [91.10333252, 22.11611176], [91.05805206, 22.07722092], [91.02083588, 22.10055542], [91.01416779, 22.11333084], [91.05194092, 22.18806267], [91.06833649, 22.24722099], [91.06472015, 22.32916641], [91.07138824, 22.36610985], [91.0672226, 22.42055511], [91.07305908, 22.42555618]]], [[[91.0222168, 22.27416992], [91.01805878, 22.24333382], [91.01139069, 22.23611069], [91.00749969, 22.25194359], [91.0222168, 22.27416992]]], [[[91.03305817, 22.31221962], [91.03416443, 22.2966671], [91.02471924, 22.27666855], [91.01638794, 22.3049984], [91.03305817, 22.31221962]]], [[[91.01277924, 22.33611107], [91.0283432, 22.32082939], [91.01472473, 22.30805588], [91.00749969, 22.32528114], [91.01277924, 22.33611107]]], [[[91.00722504, 22.33777809], [91.00861359, 22.32888794], [91.00776672, 22.32833099], [91.00722504, 22.33777809]]], [[[91.03694153, 22.37306976], [91.05361176, 22.3461113], [91.03221893, 22.33555984], [91.01805878, 22.35305977], [91.03694153, 22.37306976]]], [[[91.05638885, 22.36250114], [91.0513916, 22.35943985], [91.05304718, 22.36277962], [91.05638885, 22.36250114]]], [[[91.05110931, 22.37666702], [91.0569458, 22.36667061], [91.04972076, 22.36139107], [91.04332733, 22.37528038], [91.05110931, 22.37666702]]], [[[91.02249908, 22.45778084], [91.04722595, 22.44250107], [91.04555511, 22.4141674], [91.03805542, 22.40555573], [91.01944733, 22.42056084], [91.04042053, 22.4028511], [91.03333282, 22.37944031], [91.01583099, 22.36277771], [91.00250244, 22.37278175], [90.9883728, 22.44499969], [90.9916687, 22.45471954], [91.02249908, 22.45778084]]], [[[91.05000305, 22.43333054], [91.04915619, 22.43721962], [91.05055237, 22.43806076], [91.05000305, 22.43333054]]], [[[91.18055725, 22.5105629], [91.19526672, 22.50028038], [91.17694092, 22.48306084], [91.14583588, 22.46694374], [91.12110901, 22.46750069], [91.15027618, 22.50139046], [91.18055725, 22.5105629]]], [[[91.05027771, 22.51472092], [91.07138824, 22.49027634], [91.06916809, 22.48250008], [91.05027771, 22.51472092]]], [[[91.13277435, 22.5447216], [91.14360809, 22.53360939], [91.15361023, 22.53443909], [91.14916992, 22.51194382], [91.12083435, 22.49472237], [91.09139252, 22.46000099], [91.08139038, 22.46026993], [91.09166718, 22.51777649], [91.11722565, 22.53861046], [91.1277771, 22.53667068], [91.13277435, 22.5447216]]], [[[91.19361115, 22.52028084], [91.20417023, 22.51361084], [91.19944763, 22.50444412], [91.17749786, 22.51361084], [91.19361115, 22.52028084]]], [[[90.9861145, 22.53694534], [90.98562622, 22.54258728], [90.98805237, 22.54000092], [90.9861145, 22.53694534]]], [[[91.9080658, 21.47265244], [91.91379547, 21.47507286], [91.90835571, 21.47076988], [91.9080658, 21.47265244]]], [[[91.84763336, 21.52537155], [91.8507843, 21.52510262], [91.84992218, 21.52348709], [91.84763336, 21.52537155]]], [[[91.84476471, 21.53155899], [91.84476471, 21.52806091], [91.84391022, 21.52806091], [91.84476471, 21.53155899]]], [[[91.8685379, 21.56975365], [91.86367035, 21.56034088], [91.85794067, 21.56518173], [91.8599472, 21.5724411], [91.8685379, 21.56975365]]], [[[91.84239197, 21.73863983], [91.83407593, 21.75855255], [91.84381866, 21.77361107], [91.84210205, 21.80427933], [91.85126495, 21.82606316], [91.83924103, 21.8766346], [91.84525299, 21.9019165], [91.87389374, 21.92370224], [91.89108276, 21.90138054], [91.8956604, 21.86399078], [91.84239197, 21.73863983]]], [[[91.29360962, 22.39611053], [91.29611206, 22.39305305], [91.29416656, 22.39249992], [91.29360962, 22.39611053]]], [[[91.26333618, 22.4327774], [91.26693726, 22.41167068], [91.25861359, 22.40305519], [91.24194336, 22.42472267], [91.25250244, 22.43556023], [91.26333618, 22.4327774]]], [[[91.28222656, 22.44942093], [91.29503632, 22.43460083], [91.28991699, 22.426651], [91.26894379, 22.44519997], [91.28222656, 22.44942093]]], [[[91.41944122, 22.60083389], [91.42444611, 22.59500122], [91.42722321, 22.59638977], [91.42360687, 22.60305977], [91.4486084, 22.61639023], [91.45972443, 22.61083412], [91.53056335, 22.52638054], [91.57472229, 22.4366703], [91.5661087, 22.40139008], [91.5091629, 22.38444519], [91.47805786, 22.39666939], [91.44167328, 22.45500183], [91.41805267, 22.51610947], [91.41277313, 22.55805969], [91.41832733, 22.56361008], [91.41139221, 22.56305504], [91.40611267, 22.57611275], [91.41416931, 22.57833481], [91.40750122, 22.58361816], [91.41944122, 22.60083389]]], [[[91.31223297, 22.56278038], [91.31222534, 22.53805542], [91.27610779, 22.49638939], [91.26527405, 22.50777817], [91.27972412, 22.54138947], [91.29389191, 22.55805969], [91.31223297, 22.56278038]]], [[[91.27777863, 22.59389114], [91.27222443, 22.57583427], [91.26944733, 22.57416725], [91.27777863, 22.59389114]]], [[[91.26337433, 22.62904549], [91.28444672, 22.62528038], [91.28388977, 22.6036129], [91.26499939, 22.57583427], [91.24582672, 22.61028099], [91.26337433, 22.62904549]]], [[[91.32527924, 22.72305489], [91.35861206, 22.70722008], [91.37277985, 22.69111061], [91.35888672, 22.66583061], [91.36138916, 22.66110992], [91.36722565, 22.6586113], [91.36194611, 22.66583061], [91.37610626, 22.68055916], [91.40277863, 22.66027832], [91.38916779, 22.60639], [91.36611176, 22.62444496], [91.33416748, 22.63138962], [91.3077774, 22.66193962], [91.29555511, 22.70944214], [91.3041687, 22.71917915], [91.32527924, 22.72305489]]], [[[91.43611145, 22.78583336], [91.43444824, 22.77666664], [91.4236145, 22.7911129], [91.42665863, 22.79381561], [91.43611145, 22.78583336]]], [[[92.27139282, 20.92389107], [92.28583527, 20.90916634], [92.28639221, 20.90389252], [92.27139282, 20.92389107]]], [[[92.28333282, 20.93972015], [92.29916382, 20.92749977], [92.30000305, 20.91888809], [92.28444672, 20.9299984], [92.28333282, 20.93972015]]], [[[92.22389221, 21.12527847], [92.22418213, 21.12555122], [92.22389221, 21.12500954], [92.22389221, 21.12527847]]], [[[91.99861145, 21.6016674], [91.9916687, 21.60083389], [91.9963913, 21.60777855], [91.99861145, 21.6016674]]], [[[91.98999786, 21.6566658], [91.98444366, 21.6483326], [91.97972107, 21.65472221], [91.98999786, 21.6566658]]]]}}, {"type": "Feature", "properties": {"region_id": 3, "region_name": "Dhaka"}, "geometry": {"type": "MultiPolygon", "coordinates": [[[[90.01767731, 22.86642075], [89.95294189, 22.85195923], [89.93900299, 22.8619194], [89.94866943, 22.82464981], [89.93734741, 22.81793976], [89.92597961, 22.84491158], [89.91298676, 22.83641052], [89.89015961, 22.83756065], [89.87317657, 22.84786034], [89.84863281, 22.84209061], [89.81933594, 22.86835289], [89.82067108, 22.87481117], [89.82816315, 22.87006187], [89.82805634, 22.87989998], [89.85218048, 22.88010025], [89.85209656, 22.8944912], [89.86724091, 22.89152908], [89.86824036, 22.89760017], [89.83405304, 22.93061066], [89.80416107, 22.93721962], [89.8155365, 22.96386909], [89.78900146, 22.96965027], [89.79250336, 22.98504066], [89.75769806, 22.99891281], [89.74867249, 23.03434944], [89.72718811, 23.04292107], [89.7359314, 23.06135941], [89.72257233, 23.07048035], [89.72541046, 23.07912254], [89.69634247, 23.09064865], [89.67339325, 23.11824989], [89.6830368, 23.13491821], [89.69599152, 23.10936928], [89.73721313, 23.1215992], [89.74237061, 23.13699913], [89.72532654, 23.16282082], [89.7649231, 23.1763916], [89.73442078, 23.18231964], [89.69425201, 23.15840912], [89.67891693, 23.17710114], [89.68707275, 23.20092964], [89.67849731, 23.21807098], [89.68267059, 23.23704147], [89.62181091, 23.23249054], [89.64269257, 23.27025032], [89.63327789, 23.29356956], [89.61276245, 23.30907059], [89.60124207, 23.33791161], [89.59438324, 23.38430023], [89.6194458, 23.3835125], [89.6062088, 23.41574097], [89.60684204, 23.46380043], [89.53218079, 23.50580978], [89.49114227, 23.49699974], [89.50495911, 23.52099037], [89.53810883, 23.5328598], [89.51061249, 23.54468155], [89.50306702, 23.57443047], [89.47309113, 23.59419823], [89.49238586, 23.61322021], [89.49028015, 23.62346077], [89.44393158, 23.63537025], [89.44085693, 23.65069962], [89.41179657, 23.67508125], [89.37876892, 23.65969849], [89.35412598, 23.66525078], [89.31256104, 23.72447014], [89.29872131, 23.73092079], [89.3182373, 23.74487114], [89.32462311, 23.76285172], [89.31355286, 23.76548195], [89.31526947, 23.77079964], [89.33030701, 23.77443123], [89.32808685, 23.78969002], [89.34024811, 23.82307816], [89.36651611, 23.86545944], [89.36193085, 23.89339066], [89.36750031, 23.88780975], [89.36908722, 23.90472031], [89.38054657, 23.90743828], [89.51165009, 23.81184959], [89.55581665, 23.80717087], [89.56022644, 23.79914284], [89.70188904, 23.80880165], [89.71694183, 23.82451057], [89.73973083, 23.83266068], [89.71048737, 23.88117981], [89.70163727, 23.86956978], [89.70588684, 23.92134285], [89.69197083, 23.93013954], [89.70054626, 23.99411011], [89.74624634, 24.02655029], [89.7789917, 24.03070259], [89.81363678, 24.06253815], [89.81977844, 24.08498764], [89.81239319, 24.10824966], [89.81572723, 24.13652992], [89.79917908, 24.15600967], [89.78231049, 24.15374184], [89.77480316, 24.16282082], [89.79294586, 24.17378998], [89.77732849, 24.23542023], [89.78276825, 24.28215981], [89.76637268, 24.32844925], [89.74611664, 24.34659004], [89.7633667, 24.3731308], [89.75578308, 24.40697098], [89.73684692, 24.40649033], [89.72112274, 24.44342041], [89.75534058, 24.47879028], [89.74562073, 24.48070908], [89.75398254, 24.50687027], [89.73384094, 24.52082062], [89.7463913, 24.52370262], [89.74582672, 24.53857994], [89.77037811, 24.55014038], [89.78383636, 24.57277107], [89.79207611, 24.56517029], [89.80690765, 24.56629944], [89.80950165, 24.58201027], [89.82518768, 24.58715057], [89.82377625, 24.59795952], [89.83444214, 24.60275078], [89.82655334, 24.60798264], [89.84155273, 24.62260818], [89.85080719, 24.61965942], [89.84345245, 24.6429081], [89.86643219, 24.6459198], [89.86805725, 24.66468048], [89.87757874, 24.67589951], [89.89634705, 24.67618942], [89.89774323, 24.69328117], [89.87999725, 24.7129097], [89.87861633, 24.73475266], [89.88537598, 24.7428875], [89.90870667, 24.73705101], [89.92456055, 24.7476902], [89.92133331, 24.75587082], [89.93521881, 24.75625992], [89.94529724, 24.74381065], [89.9582901, 24.74333954], [89.96695709, 24.72282028], [89.98446655, 24.72447968], [90.02610779, 24.75897026], [90.02970886, 24.77329063], [90.08804321, 24.79121971], [90.10214996, 24.76593971], [90.10098267, 24.73878098], [90.13873291, 24.73269081], [90.13479614, 24.71582031], [90.15567017, 24.62691116], [90.13907623, 24.61724281], [90.1341095, 24.59649086], [90.1488266, 24.57616043], [90.15918732, 24.57390976], [90.16181946, 24.53617096], [90.17603302, 24.51575279], [90.18769836, 24.5203228], [90.21050262, 24.50667953], [90.20744324, 24.4967804], [90.21740723, 24.49662018], [90.2290802, 24.48229027], [90.24344635, 24.48310089], [90.21234894, 24.45441055], [90.23623657, 24.41469193], [90.25299072, 24.41100121], [90.23467255, 24.34922981], [90.23838043, 24.33587074], [90.24948883, 24.33008957], [90.26434326, 24.28758049], [90.29158783, 24.2785511], [90.32208252, 24.29924011], [90.35534668, 24.30124283], [90.36460114, 24.28460121], [90.38298035, 24.29033279], [90.3976059, 24.28271866], [90.42575073, 24.30622292], [90.42729187, 24.33106041], [90.45482635, 24.33901978], [90.48847198, 24.31269836], [90.53025818, 24.30215073], [90.52345276, 24.28590012], [90.54693604, 24.27463913], [90.54799652, 24.26646042], [90.57501984, 24.24740028], [90.62690735, 24.26980972], [90.653862, 24.26106071], [90.66873169, 24.24726105], [90.71253967, 24.23553085], [90.75739288, 24.24970245], [90.77401733, 24.24759102], [90.79209137, 24.21862984], [90.79196167, 24.19367981], [90.81920624, 24.17926979], [90.84633636, 24.14478111], [90.87200165, 24.14245987], [90.87036896, 24.1269207], [90.84857178, 24.11268044], [90.89308929, 24.09600067], [90.91239929, 24.08012962], [90.94374847, 24.08213043], [90.96581268, 24.05834961], [90.95825195, 24.04170036], [90.98851013, 24.03963089], [90.96792603, 24.00640106], [90.97218323, 23.96619034], [90.94680786, 23.94708061], [90.94767761, 23.91855812], [90.92324829, 23.90262985], [90.907547, 23.85968018], [90.88237, 23.85466957], [90.86044312, 23.87374115], [90.83502197, 23.86169815], [90.78145599, 23.86460114], [90.75636292, 23.85167122], [90.76597595, 23.79697037], [90.72267914, 23.74022102], [90.72432709, 23.72369957], [90.74362183, 23.69544983], [90.73256683, 23.66407013], [90.70765686, 23.66366005], [90.68145752, 23.67938995], [90.64599609, 23.67329979], [90.62970734, 23.61917114], [90.65733337, 23.61461067], [90.66873932, 23.5904007], [90.65497589, 23.58770752], [90.64634705, 23.57398033], [90.68540192, 23.55779076], [90.7128067, 23.508461], [90.685112, 23.4885807], [90.64470673, 23.50303268], [90.62164307, 23.49034119], [90.59313965, 23.48685074], [90.53919983, 23.38430023], [90.5515976, 23.35123062], [90.57988739, 23.33286095], [90.57435608, 23.30165291], [90.61370087, 23.22346115], [90.59301758, 23.17774773], [90.58694458, 23.17749977], [90.59139252, 23.16848373], [90.56755829, 23.09281731], [90.55522156, 23.10206985], [90.56329346, 23.11519814], [90.56012726, 23.11766815], [90.55111694, 23.10397148], [90.54322052, 23.10473442], [90.5284729, 23.0959034], [90.50708771, 23.06734467], [90.5008316, 23.0522213], [90.50055695, 23.04333115], [90.48444366, 23.02694511], [90.42694855, 23.01050949], [90.38726807, 23.01789093], [90.4138031, 23.02330017], [90.42626953, 23.03406906], [90.42404175, 23.04080963], [90.37236023, 23.05647278], [90.32097626, 23.05450058], [90.31167603, 23.03103065], [90.32820892, 23.00086975], [90.32736206, 22.97730064], [90.28678131, 22.97239113], [90.27572632, 22.9786396], [90.25836945, 22.96317101], [90.2603302, 22.9779129], [90.24320984, 22.97797966], [90.23728943, 22.96767044], [90.2322998, 22.97354126], [90.22660065, 22.98974037], [90.23600006, 23.00682068], [90.2307663, 23.01288986], [90.23703766, 23.04221916], [90.2199707, 23.06735039], [90.21343231, 23.07116127], [90.19249725, 23.05678749], [90.15880585, 23.06636047], [90.15213776, 23.05377007], [90.13469696, 23.04898071], [90.14260864, 23.04313278], [90.12638092, 23.00460052], [90.09793091, 23.00313187], [90.07208252, 22.96846008], [90.06072235, 22.96784973], [90.05921173, 22.93366814], [90.03508759, 22.92855072], [90.01767731, 22.86642075]]], [[[90.53456116, 23.05499268], [90.52706909, 23.0538826], [90.53539276, 23.05745888], [90.53456116, 23.05499268]]], [[[90.53075409, 23.08242607], [90.55316925, 23.06004143], [90.53488922, 23.05925179], [90.50250244, 23.04500008], [90.50471497, 23.05965424], [90.53075409, 23.08242607]]], [[[90.53097534, 23.09445572], [90.55982208, 23.07861328], [90.55452728, 23.06995964], [90.52900696, 23.08685112], [90.53097534, 23.09445572]]], [[[90.55433655, 23.10469246], [90.55847931, 23.09134674], [90.53890991, 23.09849358], [90.55433655, 23.10469246]]]]}}, {"type": "Feature", "properties": {"region_id": 4, "region_name": "Khulna"}, "geometry": {"type": "MultiPolygon", "coordinates": [[[[89.03540802, 21.91970825], [89.05890656, 21.91894341], [89.06045532, 21.88659096], [89.08410645, 21.85696983], [89.07624054, 21.81983185], [89.08396149, 21.79566574], [89.13266754, 21.76925087], [89.13271332, 21.7604866], [89.14569092, 21.75182533], [89.14774323, 21.73417282], [89.1357193, 21.72059822], [89.10804749, 21.72087097], [89.10095215, 21.73000908], [89.10493469, 21.73654747], [89.09243011, 21.74654007], [89.09861755, 21.75531006], [89.09158325, 21.7467804], [89.10368347, 21.73510551], [89.04402924, 21.78701973], [89.06021118, 21.85377121], [89.05314636, 21.87647057], [89.03308105, 21.89591026], [89.03246307, 21.9119873], [89.03540802, 21.91970825]]], [[[89.17118835, 22.06427956], [89.14724731, 22.04481125], [89.16246796, 21.99368858], [89.13694763, 21.97166824], [89.1305542, 21.94861031], [89.14485931, 21.9162693], [89.20146942, 21.91152], [89.1855011, 21.87580109], [89.18256378, 21.83337975], [89.18027496, 21.83317947], [89.1789856, 21.84050751], [89.17067719, 21.84803963], [89.16316223, 21.84931755], [89.16552734, 21.8563118], [89.1623764, 21.8626976], [89.15865326, 21.86357307], [89.15077209, 21.86128616], [89.15019989, 21.86579132], [89.1546402, 21.86935616], [89.15470886, 21.87318802], [89.14482117, 21.87611961], [89.14238739, 21.87342834], [89.14861298, 21.88230324], [89.14367676, 21.88022041], [89.14159393, 21.87295723], [89.15409851, 21.87195587], [89.14894104, 21.86475945], [89.15087891, 21.85917854], [89.16197968, 21.86200142], [89.16176605, 21.8496933], [89.17901611, 21.83187675], [89.16755676, 21.80229187], [89.14736938, 21.79442024], [89.09903717, 21.81339073], [89.10289764, 21.8217907], [89.11314392, 21.8161869], [89.11780548, 21.81728745], [89.12030792, 21.82253265], [89.11521912, 21.84135628], [89.13097382, 21.84868813], [89.12939453, 21.85769844], [89.11972809, 21.87491226], [89.12717438, 21.88795662], [89.12452698, 21.89347267], [89.11843872, 21.87578583], [89.12960815, 21.84888649], [89.11363983, 21.84162521], [89.11479187, 21.81715012], [89.10263062, 21.82540131], [89.09967804, 21.87234116], [89.07953644, 21.90845871], [89.08333588, 21.92495346], [89.09536743, 21.9207859], [89.0831604, 21.92695808], [89.09059906, 21.94757271], [89.09708405, 21.93837166], [89.10583496, 21.94194794], [89.11654663, 21.95158768], [89.11552429, 21.95610428], [89.10785675, 21.95982361], [89.11082458, 21.96747971], [89.10710144, 21.97582626], [89.1205368, 21.97943687], [89.11588287, 21.9890728], [89.13085175, 21.99816322], [89.13262177, 22.00824738], [89.12734985, 22.0272007], [89.11611176, 22.02916718], [89.12527466, 22.04777527], [89.12888336, 22.05946541], [89.14890289, 22.07658386], [89.17118835, 22.06427956]]], [[[89.12792969, 22.06002045], [89.11472321, 22.02909088], [89.12659454, 22.02609253], [89.12969208, 21.99835587], [89.1145401, 21.98941231], [89.1182251, 21.97941971], [89.10525513, 21.97592545], [89.1061554, 21.96001434], [89.11546326, 21.95274162], [89.09671021, 21.93999863], [89.09002686, 22.01371002], [89.09498596, 22.02132607], [89.09448242, 22.0487442], [89.10344696, 22.04615593], [89.11153412, 22.05391312], [89.12015533, 22.06959343], [89.13191223, 22.07162666], [89.13545227, 22.06690788], [89.12792969, 22.06002045]]], [[[89.08139038, 22.18000031], [89.10727692, 22.15596962], [89.12520599, 22.15153122], [89.12889862, 22.13680458], [89.13944244, 22.12951088], [89.12194824, 22.13027954], [89.11472321, 22.1222229], [89.14722443, 22.07805634], [89.13833618, 22.06861115], [89.1297226, 22.07416534], [89.12333679, 22.07388878], [89.11750031, 22.06972122], [89.10972595, 22.05416679], [89.09278107, 22.05027962], [89.08972168, 22.01888847], [89.0672226, 22.05527687], [89.08805847, 22.05555534], [89.09750366, 22.09527779], [89.09278107, 22.09777832], [89.07723999, 22.10038185], [89.08392334, 22.11337852], [89.08126068, 22.11424637], [89.07644653, 22.09991074], [89.09609985, 22.09374046], [89.08461761, 22.05586052], [89.05449677, 22.06559944], [89.04721832, 22.09694481], [89.09970856, 22.14585114], [89.0966568, 22.16167068], [89.07527924, 22.14999962], [89.0680542, 22.15972137], [89.07611084, 22.19444466], [89.08139038, 22.18000031]]], [[[89.15688324, 22.22688484], [89.19171906, 22.22828102], [89.19026947, 22.21925163], [89.19956207, 22.21508408], [89.19353485, 22.18828773], [89.19550323, 22.18242264], [89.21888733, 22.17120171], [89.2094574, 22.16446304], [89.20465851, 22.14666557], [89.18923187, 22.15254021], [89.19097137, 22.13486671], [89.21555328, 22.08749962], [89.23666382, 22.07416534], [89.2452774, 22.05722046], [89.20500183, 22.00222015], [89.18694305, 22.02444458], [89.16221619, 22.02750015], [89.15277863, 22.03805542], [89.17722321, 22.06389046], [89.15006256, 22.08504486], [89.15827179, 22.08737373], [89.17176056, 22.08007812], [89.17707825, 22.0813961], [89.17945862, 22.09944153], [89.19351959, 22.1183033], [89.18984222, 22.12302971], [89.1717453, 22.12521744], [89.1688385, 22.14601707], [89.16166687, 22.15222168], [89.14350128, 22.15342712], [89.14089966, 22.16666412], [89.15802765, 22.19186592], [89.16008759, 22.20641136], [89.1686554, 22.20753479], [89.17099762, 22.2104702], [89.16986847, 22.21436691], [89.15590668, 22.2210865], [89.15688324, 22.22688484]]], [[[89.1866684, 22.39639091], [89.19304657, 22.3655529], [89.21943665, 22.36639023], [89.20444489, 22.36083412], [89.20777893, 22.3555584], [89.21749878, 22.36277771], [89.20297241, 22.34511948], [89.22027588, 22.29972076], [89.23000336, 22.28888893], [89.26083374, 22.28333282], [89.24666595, 22.27138901], [89.24181366, 22.24757957], [89.22870636, 22.25465012], [89.20563507, 22.25033951], [89.20505524, 22.25313187], [89.21863556, 22.25775337], [89.21964264, 22.25996399], [89.21592712, 22.26697159], [89.19999695, 22.27166748], [89.19119263, 22.25583839], [89.19917297, 22.23620033], [89.18574524, 22.23660278], [89.18109131, 22.22849846], [89.17628479, 22.23391724], [89.15535736, 22.22667694], [89.15541077, 22.21923637], [89.16960907, 22.21094513], [89.15833282, 22.20666695], [89.13805389, 22.16444206], [89.14221954, 22.15277863], [89.16527557, 22.14722252], [89.17250061, 22.12194443], [89.19194794, 22.11889076], [89.17805481, 22.10138893], [89.17333221, 22.08138847], [89.16139221, 22.08972168], [89.14749908, 22.08749962], [89.12916565, 22.10333252], [89.11833191, 22.12555313], [89.13804626, 22.12388992], [89.14250183, 22.13055611], [89.13027954, 22.13833046], [89.12528229, 22.15500069], [89.10832977, 22.15805626], [89.08194733, 22.18305969], [89.08083344, 22.19527626], [89.08611298, 22.19111061], [89.09230042, 22.19431114], [89.07569122, 22.19918823], [89.07497406, 22.20875549], [89.08733368, 22.22147369], [89.10024261, 22.22146606], [89.08966064, 22.22301483], [89.08245087, 22.21932411], [89.07371521, 22.20901871], [89.07305908, 22.19972229], [89.0442276, 22.22816086], [89.03573608, 22.25887871], [89.01711273, 22.25564003], [89.0205307, 22.27096939], [88.9961853, 22.28709221], [89.0, 22.29556274], [89.02639008, 22.29583168], [89.00208282, 22.32377052], [88.98583221, 22.32639122], [88.99138641, 22.3647213], [88.98457336, 22.37450218], [88.99740601, 22.38689613], [88.99388885, 22.3927784], [88.97478485, 22.40814972], [89.00222015, 22.42928886], [88.99167633, 22.44718742], [89.00305176, 22.47222328], [88.98030853, 22.49025917], [88.9626236, 22.54977608], [88.94139099, 22.56221962], [88.94078064, 22.59129906], [88.96194458, 22.61666679], [88.95444489, 22.62277794], [88.93650818, 22.61913681], [88.9319458, 22.64554977], [88.94728088, 22.65985107], [88.95931244, 22.69070816], [88.91950226, 22.73746109], [88.92067719, 22.76532173], [88.93894958, 22.78651237], [88.95844269, 22.79421043], [88.96756744, 22.84248924], [88.94600677, 22.8774395], [88.93257141, 22.86795044], [88.90933228, 22.87740135], [88.90339661, 22.90386963], [88.91387939, 22.91861916], [88.89698792, 22.92674065], [88.89544678, 22.95051003], [88.86147308, 22.9551506], [88.86797333, 22.98960114], [88.84673309, 23.00243187], [88.87341309, 23.00434113], [88.87930298, 23.03944969], [88.86647797, 23.06886101], [88.86956787, 23.0953598], [88.89745331, 23.10608101], [88.92086792, 23.12610054], [88.92269135, 23.13948059], [88.93135071, 23.13858032], [88.93730927, 23.16826057], [88.95404816, 23.17578125], [88.96157074, 23.18987274], [88.98195648, 23.18129158], [88.99469757, 23.21236038], [88.97963715, 23.22205162], [88.95175934, 23.20251274], [88.92871094, 23.21261024], [88.91915894, 23.20831108], [88.91346741, 23.22999954], [88.85276031, 23.22460938], [88.8377533, 23.23792076], [88.82260132, 23.23265076], [88.83093262, 23.24468994], [88.81787872, 23.25098991], [88.8080368, 23.24341011], [88.81408691, 23.21656036], [88.79670715, 23.21557045], [88.78369904, 23.21846962], [88.76819611, 23.23948288], [88.74711609, 23.23736954], [88.7203598, 23.25266266], [88.72371674, 23.26963043], [88.69740295, 23.29648018], [88.70968628, 23.3086319], [88.72276306, 23.29902267], [88.72695923, 23.31675911], [88.73999786, 23.30661964], [88.74607849, 23.3098011], [88.73355865, 23.34630013], [88.76230621, 23.36174965], [88.75292969, 23.38956833], [88.75740814, 23.41900826], [88.76529694, 23.44281006], [88.77797699, 23.43586922], [88.79094696, 23.44135094], [88.78840637, 23.46487045], [88.79962921, 23.4771595], [88.79850769, 23.49489021], [88.77944183, 23.49767113], [88.77025604, 23.49176025], [88.77046204, 23.4797802], [88.75962067, 23.48604012], [88.75496674, 23.47811127], [88.74291992, 23.48077965], [88.72735596, 23.50831985], [88.69539642, 23.51748085], [88.68427277, 23.53897095], [88.65918732, 23.55265999], [88.63871765, 23.59331131], [88.64492035, 23.60806084], [88.60220337, 23.59811974], [88.58085632, 23.60074043], [88.59242249, 23.63657188], [88.56167603, 23.64207077], [88.57382965, 23.66773987], [88.56421661, 23.71478271], [88.57879639, 23.76534081], [88.5592804, 23.7841301], [88.58032227, 23.78800011], [88.59217834, 23.8007412], [88.58672333, 23.81225967], [88.60173035, 23.81685066], [88.57598114, 23.85975075], [88.59120178, 23.87070274], [88.60375977, 23.8644104], [88.61798096, 23.87557983], [88.62937927, 23.86181068], [88.65862274, 23.86805916], [88.66693878, 23.88397026], [88.68535614, 23.88902283], [88.69207764, 23.89966965], [88.70378113, 23.89883041], [88.70211792, 23.91287994], [88.73153687, 23.91298294], [88.73297119, 23.92972946], [88.74228668, 23.93588066], [88.73496246, 23.97817039], [88.74163055, 23.98467064], [88.77098846, 23.98478127], [88.75874329, 24.00818253], [88.72718811, 23.99450111], [88.73916626, 24.03458977], [88.73542023, 24.04656029], [88.72328949, 24.05249977], [88.73763275, 24.05942917], [88.72238159, 24.0657711], [88.72558594, 24.09589005], [88.6999588, 24.09486961], [88.69468689, 24.11339951], [88.71019745, 24.11891937], [88.6995163, 24.16603088], [88.71100616, 24.17669106], [88.71724701, 24.2002182], [88.73197937, 24.19739914], [88.73220062, 24.20973969], [88.75580597, 24.16955948], [88.78716278, 24.14007187], [88.86302185, 24.11593819], [88.88105011, 24.12026024], [88.87571716, 24.1055603], [88.91057587, 24.11738968], [88.90981293, 24.12977028], [88.92193604, 24.13433266], [88.92105103, 24.12321281], [88.93868256, 24.13122177], [89.01091003, 24.11989021], [89.0632019, 23.98405838], [89.09533691, 23.97373962], [89.0981369, 23.96207047], [89.12278748, 23.96229935], [89.164711, 23.94881058], [89.18840027, 23.96915054], [89.20980835, 23.92539978], [89.2336731, 23.93880081], [89.25183105, 23.97546959], [89.31273651, 23.9533596], [89.32898712, 23.93118095], [89.36908722, 23.90472031], [89.36991882, 23.89075089], [89.36193085, 23.89339066], [89.35951233, 23.87895012], [89.36651611, 23.86545944], [89.34024811, 23.82307816], [89.32808685, 23.78969002], [89.33273315, 23.78037071], [89.31526947, 23.77079964], [89.31355286, 23.76548195], [89.32462311, 23.76285172], [89.3182373, 23.74487114], [89.29872131, 23.73092079], [89.31256104, 23.72447014], [89.35412598, 23.66525078], [89.37876892, 23.65969849], [89.41179657, 23.67508125], [89.44085693, 23.65069962], [89.44393158, 23.63537025], [89.49028015, 23.62346077], [89.49238586, 23.61322021], [89.47309113, 23.59419823], [89.50306702, 23.57443047], [89.51061249, 23.54468155], [89.53810883, 23.5328598], [89.50495911, 23.52099037], [89.49114227, 23.49699974], [89.53218079, 23.50580978], [89.60684204, 23.46380043], [89.6062088, 23.41574097], [89.6194458, 23.3835125], [89.59438324, 23.38430023], [89.60124207, 23.33791161], [89.61276245, 23.30907059], [89.63327789, 23.29356956], [89.64269257, 23.27025032], [89.62181091, 23.23249054], [89.68267059, 23.23704147], [89.67849731, 23.21807098], [89.68707275, 23.20092964], [89.67891693, 23.17710114], [89.69425201, 23.15840912], [89.73442078, 23.18231964], [89.7649231, 23.1763916], [89.72532654, 23.16282082], [89.74237061, 23.13699913], [89.74053955, 23.12387085], [89.71100616, 23.11864281], [89.69927216, 23.10859108], [89.68534088, 23.11997032], [89.6830368, 23.13491821], [89.67370605, 23.12490082], [89.6756897, 23.1125412], [89.69634247, 23.09064865], [89.72541046, 23.07912254], [89.72257233, 23.07048035], [89.7359314, 23.06135941], [89.72718811, 23.04292107], [89.74867249, 23.03434944], [89.75769806, 22.99891281], [89.79250336, 22.98504066], [89.78900146, 22.96965027], [89.8155365, 22.96386909], [89.80416107, 22.93721962], [89.83405304, 22.93061066], [89.86824036, 22.89760017], [89.86724091, 22.89152908], [89.85209656, 22.8944912], [89.85218048, 22.88010025], [89.8416214, 22.88355064], [89.82805634, 22.87989998], [89.82816315, 22.87006187], [89.81858826, 22.87325287], [89.82995605, 22.85564041], [89.84863281, 22.84209061], [89.87317657, 22.84786034], [89.89015961, 22.83756065], [89.91298676, 22.83641052], [89.92597961, 22.84491158], [89.93728638, 22.82023048], [89.9169693, 22.79594994], [89.93650055, 22.79378128], [89.9416275, 22.77825165], [89.90544891, 22.77234077], [89.91493988, 22.76345062], [89.91369629, 22.74957085], [89.93382263, 22.75089264], [89.93086243, 22.72142982], [89.90753937, 22.72626114], [89.86406708, 22.69722939], [89.87375641, 22.68873024], [89.91104889, 22.69329071], [89.93741608, 22.67728806], [89.91423035, 22.6617794], [89.90869904, 22.67307091], [89.89592743, 22.67583275], [89.89082336, 22.65977287], [89.92529297, 22.64236259], [89.91638947, 22.60333443], [89.96128845, 22.59323692], [89.95082855, 22.54624367], [89.91997528, 22.50980949], [89.96322632, 22.50722313], [89.96360779, 22.49398994], [89.90122986, 22.50632286], [89.884758, 22.50126076], [89.88323975, 22.48923302], [89.89855194, 22.4724102], [89.94029236, 22.47147942], [89.94612122, 22.46278191], [89.93746948, 22.45095253], [89.88165283, 22.42836952], [89.88265991, 22.44017982], [89.84111023, 22.48888969], [89.81691742, 22.49332809], [89.80231476, 22.48995781], [89.78765106, 22.50502586], [89.78630829, 22.51732826], [89.76999664, 22.52361107], [89.77471924, 22.53686714], [89.77220917, 22.55055809], [89.78416443, 22.56527901], [89.79138947, 22.58250237], [89.79055786, 22.60944366], [89.80555725, 22.62166405], [89.79888916, 22.63166618], [89.80638885, 22.64999962], [89.80527496, 22.65416718], [89.78398132, 22.68106461], [89.775383, 22.68399239], [89.77944183, 22.69055557], [89.77884674, 22.69338226], [89.77069092, 22.69743156], [89.76166534, 22.69389153], [89.77722168, 22.70611191], [89.77889252, 22.70944214], [89.77722168, 22.71138954], [89.76255035, 22.71316338], [89.77722168, 22.71666527], [89.77916718, 22.7191658], [89.76194763, 22.7136116], [89.7638855, 22.71055603], [89.77777863, 22.70889091], [89.76027679, 22.69360924], [89.77759552, 22.69227409], [89.77416992, 22.68361282], [89.80500031, 22.65027618], [89.79722595, 22.63166618], [89.8033371, 22.62111092], [89.78833008, 22.60805511], [89.7895813, 22.58250046], [89.76944733, 22.5522213], [89.77134705, 22.5367012], [89.75405121, 22.53558922], [89.71395111, 22.55734444], [89.71874237, 22.56472206], [89.70861053, 22.5747242], [89.71722412, 22.58444405], [89.71754456, 22.58755302], [89.70749664, 22.5755558], [89.71639252, 22.56278038], [89.68454742, 22.54892921], [89.6811142, 22.55333328], [89.69361115, 22.56777763], [89.69000244, 22.57138824], [89.6847229, 22.57138824], [89.66159821, 22.5484581], [89.67536163, 22.56896019], [89.67082977, 22.57138824], [89.66194153, 22.56889153], [89.65944672, 22.58032036], [89.64980316, 22.59213448], [89.66108704, 22.5683651], [89.67388916, 22.5680542], [89.65818024, 22.54902458], [89.6450119, 22.5559597], [89.63805389, 22.55527687], [89.63249969, 22.53462029], [89.63681793, 22.51794624], [89.61472321, 22.50858879], [89.60379791, 22.47852325], [89.59385681, 22.47223091], [89.57578278, 22.54849434], [89.53250122, 22.61166573], [89.55603027, 22.63942337], [89.54777527, 22.6641674], [89.55500031, 22.63972282], [89.52944183, 22.61333275], [89.52610779, 22.61777687], [89.53833008, 22.69444466], [89.52416992, 22.72805405], [89.53074646, 22.74289894], [89.50889587, 22.75003624], [89.50718689, 22.76387405], [89.50392151, 22.7683506], [89.47584534, 22.77159882], [89.47016907, 22.76905632], [89.4720459, 22.75738716], [89.46028137, 22.73897171], [89.46777344, 22.7083931], [89.45667267, 22.70770073], [89.43068695, 22.67455864], [89.4283371, 22.6455555], [89.41078186, 22.6449585], [89.40305328, 22.65694427], [89.40083313, 22.67305565], [89.41110992, 22.68833351], [89.39920044, 22.72473526], [89.39277649, 22.72916794], [89.3797226, 22.73138618], [89.38249969, 22.7397213], [89.3813858, 22.74416733], [89.36811829, 22.7460537], [89.3658371, 22.75333595], [89.36000061, 22.75694466], [89.36842346, 22.74475288], [89.38083649, 22.74305534], [89.37934113, 22.72987556], [89.39666748, 22.72500038], [89.40944672, 22.68722153], [89.39778137, 22.67250061], [89.40756226, 22.64055634], [89.40222168, 22.63194466], [89.40083313, 22.62000084], [89.39277649, 22.61722374], [89.38111115, 22.60916519], [89.38933563, 22.59606552], [89.38663483, 22.58456039], [89.3713913, 22.59555626], [89.33889008, 22.60277748], [89.33444214, 22.60250282], [89.32416534, 22.59666634], [89.31999207, 22.58400726], [89.31272125, 22.58577728], [89.30573273, 22.58108902], [89.29666901, 22.58777809], [89.29916382, 22.5933342], [89.28861237, 22.60555649], [89.28861237, 22.62499809], [89.28194427, 22.62944412], [89.29277802, 22.62499809], [89.29722595, 22.63333321], [89.28916931, 22.63944435], [89.30222321, 22.64638901], [89.30444336, 22.65027618], [89.26222229, 22.66888809], [89.26694489, 22.68027687], [89.26027679, 22.69000053], [89.26194763, 22.7191658], [89.26444244, 22.6977787], [89.26944733, 22.69472313], [89.27805328, 22.69555473], [89.26611328, 22.69805527], [89.26694489, 22.71694374], [89.26333618, 22.72083282], [89.25944519, 22.71722221], [89.26055908, 22.66888809], [89.30278015, 22.64972305], [89.26833344, 22.62749863], [89.28583527, 22.62444496], [89.28749847, 22.60333061], [89.30666351, 22.56611061], [89.30944824, 22.56444359], [89.31555176, 22.56876373], [89.3188858, 22.56221962], [89.32777405, 22.55888748], [89.36333466, 22.56221962], [89.36083221, 22.55166626], [89.36305237, 22.52944374], [89.36555481, 22.52499962], [89.36972046, 22.52388954], [89.35055542, 22.52444458], [89.34113312, 22.51449394], [89.35152435, 22.52359962], [89.36166382, 22.51805496], [89.36000061, 22.5102787], [89.3758316, 22.50722313], [89.38027954, 22.51527786], [89.36722565, 22.51972008], [89.37285614, 22.52362061], [89.38555908, 22.51638794], [89.40416718, 22.51777649], [89.41583252, 22.49444389], [89.42388916, 22.41194534], [89.4383316, 22.38499832], [89.42194366, 22.3544445], [89.40888977, 22.36416626], [89.40916443, 22.3777771], [89.39971924, 22.3927784], [89.39888763, 22.38888931], [89.40805817, 22.3777771], [89.40611267, 22.36638832], [89.42250061, 22.34972572], [89.41971588, 22.34527969], [89.42222595, 22.32444382], [89.39778137, 22.33416748], [89.40222168, 22.34583282], [89.39971924, 22.34972382], [89.38277435, 22.35111046], [89.38249969, 22.37388992], [89.36360931, 22.37472153], [89.3686142, 22.38861275], [89.36305237, 22.41444397], [89.35749817, 22.4169445], [89.36611176, 22.43055534], [89.36436462, 22.4407196], [89.3697052, 22.45542145], [89.3686142, 22.45777702], [89.36083221, 22.45861053], [89.35277557, 22.45305634], [89.34444427, 22.46499825], [89.31848907, 22.46452141], [89.29777527, 22.46222305], [89.26805878, 22.45111084], [89.26111603, 22.45331001], [89.25777435, 22.46555519], [89.27805328, 22.46944427], [89.28388977, 22.47166634], [89.28607178, 22.47586823], [89.28194427, 22.48111153], [89.25611115, 22.49500275], [89.24972534, 22.5308342], [89.23555756, 22.54833412], [89.24500275, 22.56777763], [89.25583649, 22.56833267], [89.25743103, 22.56958771], [89.24299622, 22.5675087], [89.23444366, 22.54805565], [89.24833679, 22.5308342], [89.25499725, 22.49416733], [89.28472137, 22.47500038], [89.2583313, 22.46777725], [89.2547226, 22.4616642], [89.25666809, 22.45305634], [89.24777985, 22.45111084], [89.24416351, 22.44750023], [89.23972321, 22.4244442], [89.25611115, 22.39611053], [89.25222015, 22.38861275], [89.23694611, 22.38111115], [89.23444366, 22.37527847], [89.23999786, 22.36833382], [89.26361084, 22.37277985], [89.27361298, 22.34583282], [89.25417328, 22.34917068], [89.24861145, 22.33778], [89.27388763, 22.30888939], [89.27944183, 22.28667068], [89.31416321, 22.2816658], [89.28807068, 22.25862122], [89.30916595, 22.23166656], [89.30278015, 22.21916962], [89.2463913, 22.22417068], [89.25026703, 22.26750183], [89.27027893, 22.28555489], [89.22472382, 22.2994442], [89.20722198, 22.34472084], [89.22360992, 22.36778069], [89.19361115, 22.37083054], [89.19083405, 22.39694405], [89.21416473, 22.41249847], [89.19916534, 22.42277527], [89.20861053, 22.4533329], [89.1911087, 22.47611046], [89.1911087, 22.51611137], [89.18193817, 22.52709007], [89.1883316, 22.53694725], [89.1922226, 22.5680542], [89.17588043, 22.54957771], [89.16807556, 22.55347252], [89.15446472, 22.55217171], [89.14617157, 22.54811668], [89.14598083, 22.55700111], [89.14445496, 22.55256844], [89.14535522, 22.54766655], [89.14736938, 22.54726219], [89.17513275, 22.54811859], [89.18416595, 22.55666733], [89.1875, 22.54972267], [89.17861176, 22.52778053], [89.18861389, 22.51805878], [89.19000244, 22.47500038], [89.20708466, 22.4497776], [89.19533539, 22.42679024], [89.20597839, 22.4140892], [89.19519806, 22.41750145], [89.19042969, 22.40797997], [89.21028137, 22.41028023], [89.1866684, 22.39639091]]], [[[88.98777771, 22.38287163], [88.99349213, 22.39094925], [88.99453735, 22.39077187], [88.99576569, 22.38566017], [88.98777771, 22.38287163]]], [[[89.22400665, 21.69923019], [89.24666595, 21.68894005], [89.2564621, 21.69685173], [89.27746582, 21.69588089], [89.2950058, 21.68571091], [89.27867889, 21.66735077], [89.25833893, 21.66881371], [89.25935364, 21.65751457], [89.21221161, 21.65073013], [89.20728302, 21.66579819], [89.22400665, 21.69923019]]], [[[89.26841736, 21.75722122], [89.28795624, 21.74172974], [89.28090668, 21.70504379], [89.25595856, 21.70601845], [89.26033783, 21.71650887], [89.25776672, 21.73584175], [89.25440216, 21.7073307], [89.26235199, 21.69973183], [89.2518158, 21.69745064], [89.24868011, 21.69193077], [89.22418976, 21.70404243], [89.22042084, 21.74736023], [89.26841736, 21.75722122]]], [[[89.28671265, 21.77187157], [89.28807068, 21.7724762], [89.2877121, 21.77153397], [89.28671265, 21.77187157]]], [[[89.29029083, 21.77496338], [89.28736115, 21.78505135], [89.28592682, 21.78848076], [89.28922272, 21.78437805], [89.29029083, 21.77496338]]], [[[89.26450348, 21.83290482], [89.28353882, 21.7935009], [89.27667236, 21.79450989], [89.26335907, 21.7936306], [89.28385162, 21.79144287], [89.28808594, 21.75399971], [89.2594223, 21.76105309], [89.21903992, 21.75011826], [89.20794678, 21.7709713], [89.19142914, 21.7800808], [89.18206787, 21.81257248], [89.19702911, 21.8266449], [89.24953461, 21.81629372], [89.26450348, 21.83290482]]], [[[89.29100037, 21.84062576], [89.28784943, 21.84002113], [89.28577423, 21.84102821], [89.29100037, 21.84062576]]], [[[89.17909241, 22.02072525], [89.19586182, 22.00168991], [89.24188995, 21.98509026], [89.20339966, 21.96173477], [89.20948029, 21.93670082], [89.22068024, 21.92818069], [89.24079895, 21.92906189], [89.25648499, 21.90834808], [89.28562927, 21.90498543], [89.26958466, 21.88427544], [89.24760437, 21.88703156], [89.26793671, 21.88232994], [89.27416992, 21.85564041], [89.265625, 21.83647537], [89.2543335, 21.83554077], [89.24881744, 21.8180542], [89.19325256, 21.82928658], [89.21052551, 21.91777229], [89.18157959, 21.92539024], [89.18280029, 21.93351173], [89.17756653, 21.93853569], [89.16769409, 21.94086075], [89.18122864, 21.93460655], [89.17671967, 21.92573166], [89.16003418, 21.9243145], [89.14163208, 21.93756294], [89.14019775, 21.95813942], [89.17055511, 21.99555779], [89.16448212, 22.02029228], [89.17909241, 22.02072525]]], [[[89.2382431, 22.0988903], [89.26095581, 22.08087349], [89.29434204, 22.0852375], [89.2766571, 22.05841064], [89.30549622, 21.99929237], [89.30200195, 21.99773216], [89.29883575, 21.99332428], [89.28842926, 21.98964882], [89.28620911, 21.98701477], [89.299263, 21.98176765], [89.29937744, 21.97617531], [89.30136871, 21.97249985], [89.29162598, 21.96324348], [89.29534149, 21.95497894], [89.28835297, 21.95031929], [89.28916931, 21.93895912], [89.29872894, 21.92773247], [89.31946564, 21.91754532], [89.29003143, 21.88059616], [89.29138947, 21.87612152], [89.30653381, 21.86957169], [89.29613495, 21.85748291], [89.29272461, 21.84137154], [89.28360748, 21.84344292], [89.27674103, 21.87473106], [89.29360199, 21.89444351], [89.29333496, 21.91166687], [89.27715302, 21.92578316], [89.26963043, 21.9284668], [89.26948547, 21.93900108], [89.26228333, 21.94318962], [89.26802826, 21.92828941], [89.27842712, 21.92044067], [89.26039124, 21.91611099], [89.23135376, 21.94800568], [89.24958038, 21.95347977], [89.26098633, 21.96364403], [89.2305603, 21.95020676], [89.2303009, 21.94749641], [89.23430634, 21.94151115], [89.20961761, 21.95186234], [89.25051117, 21.98233414], [89.24137878, 21.99677086], [89.21824646, 22.00787544], [89.25245667, 22.05664063], [89.24777222, 22.07421112], [89.22450256, 22.09429359], [89.2382431, 22.0988903]]], [[[89.24861145, 22.21500015], [89.30166626, 22.21417046], [89.31276703, 22.1883316], [89.27139282, 22.14944267], [89.26333618, 22.13583183], [89.26467896, 22.11386108], [89.25382233, 22.10317993], [89.21694183, 22.09860992], [89.20700073, 22.12605286], [89.22663116, 22.13389778], [89.21221924, 22.14319038], [89.2455368, 22.16123772], [89.22651672, 22.19956017], [89.24861145, 22.21500015]]], [[[89.19942474, 22.26968765], [89.21824646, 22.2590847], [89.20531464, 22.25445938], [89.20327759, 22.25153923], [89.20451355, 22.24950027], [89.22857666, 22.25377464], [89.23969269, 22.2454586], [89.24163055, 22.21712112], [89.22222137, 22.20027733], [89.24138641, 22.16163063], [89.21160889, 22.1482811], [89.20960236, 22.140131], [89.2230072, 22.13379097], [89.20339966, 22.12811089], [89.19103241, 22.14995956], [89.20742035, 22.14548683], [89.22109985, 22.17220879], [89.19586945, 22.18442535], [89.20105743, 22.2149334], [89.19097137, 22.21990776], [89.19295502, 22.22664261], [89.19174194, 22.22907066], [89.18338013, 22.23132896], [89.20083618, 22.23611069], [89.19247437, 22.25705719], [89.19942474, 22.26968765]]], [[[89.27749634, 22.63194466], [89.27222443, 22.62749863], [89.27111053, 22.62888908], [89.27749634, 22.63194466]]], [[[89.28778076, 22.63694382], [89.28444672, 22.63694382], [89.28805542, 22.63833427], [89.28778076, 22.63694382]]], [[[89.34404755, 21.69750977], [89.32881165, 21.70036125], [89.33731842, 21.7195816], [89.34945679, 21.70433044], [89.34404755, 21.69750977]]], [[[89.44934082, 21.75927544], [89.44847107, 21.75700951], [89.44818878, 21.75927544], [89.44934082, 21.75927544]]], [[[89.33109283, 21.79043007], [89.30996704, 21.85102081], [89.36568451, 21.88356018], [89.35072327, 21.8325882], [89.33410645, 21.80603027], [89.33750153, 21.78861046], [89.33109283, 21.79043007]]], [[[89.40045166, 21.98038673], [89.42447662, 21.98408127], [89.41720581, 21.96940041], [89.42729187, 21.95100021], [89.45717621, 21.93394089], [89.44721222, 21.90712166], [89.47154236, 21.90223122], [89.45889282, 21.88889122], [89.45526886, 21.85638046], [89.44750214, 21.85055542], [89.42202759, 21.85106659], [89.42202759, 21.86249733], [89.44509125, 21.86719322], [89.44895935, 21.86920166], [89.45139313, 21.8735733], [89.44423676, 21.88070107], [89.41745758, 21.89488983], [89.45053864, 21.87364006], [89.42215729, 21.86412811], [89.41908264, 21.85370636], [89.42559814, 21.84698105], [89.45417023, 21.84435844], [89.47450256, 21.79251289], [89.45394897, 21.76494026], [89.44643402, 21.76944733], [89.43704987, 21.74840355], [89.42029572, 21.74557686], [89.42666626, 21.73717117], [89.41879272, 21.72783089], [89.39810181, 21.72063065], [89.35993195, 21.74867249], [89.35491943, 21.79728889], [89.3476181, 21.80623055], [89.38213348, 21.88026619], [89.3797226, 21.92583275], [89.38420868, 21.92108345], [89.38857269, 21.92189026], [89.39286804, 21.92619324], [89.38872528, 21.93172073], [89.39916992, 21.93777847], [89.39794159, 21.94120407], [89.39349365, 21.94473457], [89.3731842, 21.95423889], [89.38034058, 21.96327972], [89.38894653, 21.95867157], [89.40061951, 21.96302986], [89.40285492, 21.96892548], [89.40045166, 21.98038673]]], [[[89.32688141, 21.86506462], [89.32022095, 21.86277962], [89.3349762, 21.86836052], [89.32688141, 21.86506462]]], [[[89.34166718, 21.87128067], [89.32870483, 21.87195778], [89.35140991, 21.88070107], [89.34166718, 21.87128067]]], [[[89.34083557, 21.95611191], [89.36090851, 21.90026093], [89.32221985, 21.87805939], [89.30532837, 21.85428047], [89.30198669, 21.8241291], [89.29515839, 21.81880188], [89.2807312, 21.83469009], [89.29575348, 21.84202766], [89.30770874, 21.87005424], [89.29097748, 21.87920952], [89.32099915, 21.9172554], [89.29000092, 21.93944359], [89.29721069, 21.95504761], [89.29271698, 21.96225739], [89.30258179, 21.97218132], [89.30055237, 21.98208618], [89.28811646, 21.98848534], [89.29683685, 21.99104309], [89.30586243, 21.9974041], [89.34083557, 21.95611191]]], [[[89.43972015, 22.16166687], [89.46221924, 22.14305496], [89.45805359, 22.12000084], [89.48472595, 22.08916855], [89.44944763, 22.07472229], [89.43638611, 22.09194374], [89.44833374, 22.07333755], [89.42555237, 22.04778099], [89.43301392, 21.99027061], [89.39803314, 21.98122025], [89.39345551, 21.99476433], [89.38944244, 21.98805618], [89.40065002, 21.96489906], [89.37978363, 21.96491814], [89.37188721, 21.95423317], [89.39788055, 21.9397068], [89.38800049, 21.93385506], [89.38742828, 21.92955208], [89.39144135, 21.92544937], [89.3844223, 21.92229271], [89.36222076, 21.96068954], [89.35337067, 22.03141975], [89.39055634, 22.08000183], [89.38305664, 22.1166687], [89.40750122, 22.12644386], [89.41110992, 22.13639069], [89.40750122, 22.14999962], [89.41666412, 22.15833282], [89.43972015, 22.16166687]]], [[[89.32883453, 22.1822834], [89.33666229, 22.1517601], [89.32639313, 22.14027977], [89.32556915, 22.12844467], [89.33430481, 22.12379074], [89.34771729, 22.13175964], [89.34807587, 22.11248016], [89.38463593, 22.08899117], [89.34086609, 22.02882957], [89.34729767, 21.97163963], [89.32392883, 21.99423027], [89.28866577, 22.06108475], [89.30452728, 22.07164192], [89.32591248, 22.05643082], [89.33783722, 22.05417633], [89.34375763, 22.05738258], [89.3433075, 22.06491089], [89.31777954, 22.10750008], [89.27703094, 22.11622047], [89.28957367, 22.15217209], [89.32252502, 22.18382263], [89.32883453, 22.1822834]]], [[[89.27656555, 22.11287308], [89.31746674, 22.10571671], [89.32390594, 22.08224106], [89.34268188, 22.05895042], [89.32913971, 22.05838013], [89.30817413, 22.07394028], [89.2988205, 22.09778023], [89.263237, 22.08943939], [89.27656555, 22.11287308]]], [[[89.3398819, 22.25425529], [89.37008667, 22.26744652], [89.37338257, 22.26050568], [89.37761688, 22.25713921], [89.3805542, 22.25944328], [89.3840332, 22.26921463], [89.39425659, 22.26144028], [89.41188049, 22.25794983], [89.40757751, 22.24233055], [89.41829681, 22.22610855], [89.39167023, 22.22138977], [89.40220642, 22.20878601], [89.39027405, 22.19916725], [89.41055298, 22.19472313], [89.41527557, 22.18138885], [89.42805481, 22.1680584], [89.40499878, 22.1511097], [89.40526581, 22.13361168], [89.37611389, 22.13916588], [89.40528107, 22.12944412], [89.38194275, 22.12029076], [89.37473297, 22.09860992], [89.34999847, 22.11805916], [89.3507843, 22.13584137], [89.33027649, 22.13027954], [89.33972168, 22.15639114], [89.33612061, 22.18056107], [89.3236084, 22.19000053], [89.33222198, 22.19833374], [89.33096313, 22.21261978], [89.34471893, 22.21666718], [89.35693359, 22.24368286], [89.35482025, 22.25050735], [89.3398819, 22.25425529]]], [[[89.45587921, 22.21504974], [89.4716568, 22.16265106], [89.46533966, 22.15693092], [89.46066284, 22.14700127], [89.4171524, 22.18229485], [89.41243744, 22.1969471], [89.39377594, 22.20132256], [89.40519714, 22.20910072], [89.39422607, 22.22027016], [89.41040802, 22.21875954], [89.41912079, 22.22509956], [89.41893768, 22.2307682], [89.45719147, 22.24611092], [89.45587921, 22.21504974]]], [[[89.4611969, 22.25251007], [89.41339111, 22.23822021], [89.4330368, 22.27671051], [89.4088974, 22.3035202], [89.42463684, 22.32621956], [89.42234039, 22.34658051], [89.4569397, 22.31299019], [89.47828674, 22.27169037], [89.4611969, 22.25251007]]], [[[89.34527588, 22.46111107], [89.35361481, 22.45138741], [89.3686142, 22.45583344], [89.35610962, 22.41722488], [89.36694336, 22.38999939], [89.36222076, 22.37805557], [89.36333466, 22.37083244], [89.38166809, 22.37277985], [89.38194275, 22.34972382], [89.39971924, 22.34694481], [89.39499664, 22.33555603], [89.41611481, 22.32111168], [89.40555573, 22.30555534], [89.41860962, 22.29027939], [89.41055298, 22.29333305], [89.40555573, 22.2891655], [89.40166473, 22.29416656], [89.39277649, 22.29833221], [89.3841629, 22.2966671], [89.37833405, 22.31527519], [89.37389374, 22.31600189], [89.3758316, 22.30444527], [89.38471985, 22.29500008], [89.40611267, 22.28777695], [89.41278076, 22.29166794], [89.42666626, 22.28000069], [89.41194153, 22.25888824], [89.38388824, 22.27000046], [89.37665558, 22.25853157], [89.37255859, 22.26902008], [89.3505249, 22.2635498], [89.32917023, 22.27444458], [89.33388519, 22.28750038], [89.3116684, 22.30027771], [89.32805634, 22.30083275], [89.35305786, 22.31333351], [89.34181976, 22.33257675], [89.32833099, 22.33722305], [89.33305359, 22.34555626], [89.3327713, 22.36805534], [89.34188843, 22.37291908], [89.33377075, 22.37071228], [89.33035278, 22.36195374], [89.33166504, 22.34527969], [89.32730103, 22.33721733], [89.34178925, 22.33121109], [89.35125732, 22.31315041], [89.31236267, 22.30272865], [89.31006622, 22.29885483], [89.3321991, 22.2861042], [89.32715607, 22.273983], [89.34850311, 22.26146126], [89.33750153, 22.25278091], [89.35379028, 22.24668312], [89.34217072, 22.2176609], [89.32759094, 22.21367073], [89.32502747, 22.19895172], [89.30802155, 22.21680069], [89.31194305, 22.23888969], [89.29499817, 22.25361061], [89.32138824, 22.2741642], [89.32333374, 22.28388977], [89.30788422, 22.29166222], [89.28388977, 22.28777695], [89.27688599, 22.31482887], [89.25286102, 22.33825874], [89.25458527, 22.34383965], [89.27305603, 22.34166527], [89.27610016, 22.35032082], [89.26555634, 22.37639046], [89.23777771, 22.37221909], [89.23777771, 22.37916756], [89.25086975, 22.38532448], [89.25777435, 22.39611053], [89.2408371, 22.42777824], [89.24973297, 22.45028114], [89.26823425, 22.45010185], [89.30444336, 22.46222305], [89.34527588, 22.46111107]]], [[[89.34055328, 22.59972191], [89.375, 22.5913887], [89.41999817, 22.54833412], [89.40472412, 22.52027893], [89.38666534, 22.51805496], [89.36499786, 22.52722168], [89.36472321, 22.56166649], [89.36222076, 22.56472206], [89.32777405, 22.56000137], [89.31620026, 22.5699501], [89.30791473, 22.56639862], [89.3069458, 22.57972145], [89.32416534, 22.58444405], [89.32583618, 22.5961113], [89.34055328, 22.59972191]]], [[[89.40311432, 22.57551003], [89.4383316, 22.60110855], [89.46044159, 22.62415123], [89.45843506, 22.64443779], [89.47462463, 22.64223671], [89.48218536, 22.64809608], [89.51937103, 22.62478065], [89.52553558, 22.60246468], [89.51766968, 22.59682655], [89.51470947, 22.58449364], [89.49686432, 22.57065582], [89.49032593, 22.5793457], [89.45583344, 22.56694412], [89.43333435, 22.51444435], [89.41221619, 22.52331924], [89.42749786, 22.5494442], [89.40311432, 22.57551003]]], [[[89.41310883, 22.63641167], [89.41990662, 22.6211853], [89.39888763, 22.57805634], [89.38972473, 22.5838871], [89.39080811, 22.59721756], [89.38500214, 22.60861206], [89.40139008, 22.61888885], [89.40555573, 22.63638878], [89.41310883, 22.63641167]]], [[[89.45772552, 22.64600372], [89.45910645, 22.62508583], [89.40833282, 22.5858326], [89.42222595, 22.62111092], [89.41433716, 22.64181137], [89.43047333, 22.6436367], [89.42946625, 22.65561867], [89.4381485, 22.65929031], [89.43283844, 22.67357445], [89.45776367, 22.70606995], [89.46910858, 22.70690918], [89.46151733, 22.73840332], [89.47236633, 22.7554493], [89.47265625, 22.76883316], [89.50331879, 22.76692581], [89.50723267, 22.74944496], [89.52138519, 22.74333382], [89.51947021, 22.72904587], [89.53022003, 22.69841576], [89.52027893, 22.63025284], [89.48151398, 22.65006638], [89.45772552, 22.64600372]]], [[[89.63931274, 21.75430107], [89.6370163, 21.7517395], [89.63601685, 21.75288963], [89.63931274, 21.75430107]]], [[[89.64483643, 21.75875092], [89.6489563, 21.75315475], [89.64480591, 21.75172997], [89.64483643, 21.75875092]]], [[[89.45240784, 21.76146126], [89.45378113, 21.76153946], [89.45207214, 21.75980186], [89.45240784, 21.76146126]]], [[[89.54685974, 21.7785759], [89.53547668, 21.77548218], [89.53905487, 21.78805733], [89.54685974, 21.7785759]]], [[[89.6049118, 21.79789543], [89.60137939, 21.77535057], [89.58545685, 21.76029205], [89.60778809, 21.72032166], [89.56763458, 21.7147522], [89.55461121, 21.72439003], [89.53339386, 21.76914406], [89.54555511, 21.77083397], [89.55020142, 21.75331116], [89.55368805, 21.74994087], [89.54763794, 21.77416039], [89.55264282, 21.77366829], [89.54386139, 21.7865696], [89.54718018, 21.79920006], [89.55606842, 21.80098724], [89.5426178, 21.80142784], [89.53018951, 21.82286072], [89.54061127, 21.85099983], [89.6049118, 21.79789543]]], [[[89.5875473, 21.94614983], [89.62214661, 21.94467354], [89.64635468, 21.91087914], [89.62587738, 21.88326073], [89.62644958, 21.86273193], [89.6608429, 21.8217411], [89.70032501, 21.79238319], [89.6986084, 21.77153778], [89.66890717, 21.75415039], [89.65140533, 21.75373459], [89.64568329, 21.75951576], [89.65065002, 21.76603127], [89.63591003, 21.75671005], [89.60935211, 21.76445961], [89.61818695, 21.78621101], [89.61427307, 21.80156136], [89.55474091, 21.85433006], [89.55525208, 21.85827255], [89.57945251, 21.86230278], [89.59348297, 21.87064171], [89.59461212, 21.87381363], [89.59214783, 21.87903023], [89.57974243, 21.8896122], [89.59275055, 21.89722252], [89.57888794, 21.88999748], [89.59333038, 21.87413025], [89.58332062, 21.86531448], [89.55706787, 21.85990524], [89.54711914, 21.87593269], [89.57427979, 21.93554688], [89.5875473, 21.94614983]]], [[[89.64730072, 21.89339066], [89.66152954, 21.86786079], [89.65066528, 21.85556984], [89.6325531, 21.87478828], [89.63507843, 21.88697052], [89.64730072, 21.89339066]]], [[[89.54679108, 21.96004105], [89.56819916, 21.93469238], [89.56620789, 21.92470169], [89.54572296, 21.87890053], [89.54289246, 21.87779045], [89.53932953, 21.95475006], [89.54679108, 21.96004105]]], [[[89.46995544, 22.04562187], [89.50443268, 21.96662331], [89.46485901, 21.99757576], [89.46483612, 21.99451256], [89.50592041, 21.96384621], [89.51235962, 21.94917107], [89.51083374, 21.9338131], [89.5027771, 21.92944527], [89.48718262, 21.93465805], [89.47663879, 21.9358654], [89.48208618, 21.93808556], [89.48350525, 21.93997955], [89.47048187, 21.93788338], [89.50055695, 21.92777634], [89.51139069, 21.92972183], [89.5047226, 21.9086113], [89.45222473, 21.90999985], [89.46155548, 21.92527962], [89.45999146, 21.939991], [89.43756104, 21.95006561], [89.42182922, 21.97017288], [89.43898773, 21.9908886], [89.43225098, 22.05266571], [89.4412384, 22.0611515], [89.45782471, 22.0472374], [89.46995544, 22.04562187]]], [[[89.63430023, 22.09700394], [89.64899445, 22.09704399], [89.64636993, 22.06977844], [89.65901184, 22.07133865], [89.66629028, 22.05495834], [89.65615082, 22.05162811], [89.65193176, 22.03721046], [89.65994263, 22.01835823], [89.65444183, 22.00413513], [89.64039612, 21.99235916], [89.62732697, 22.00399208], [89.6202774, 22.00000191], [89.62462616, 21.97929382], [89.64430237, 21.98286057], [89.64320374, 21.96196365], [89.62557983, 21.94856262], [89.5877533, 21.95001984], [89.56284332, 21.9738884], [89.5888443, 21.98649025], [89.60472107, 22.00222206], [89.60778046, 22.00861168], [89.60778046, 22.01833344], [89.59805298, 22.02861023], [89.60694122, 22.01555634], [89.60112, 21.99960327], [89.5617218, 21.9747982], [89.58250427, 21.95218086], [89.56749725, 21.94194412], [89.54763794, 21.96149063], [89.57308197, 22.05303955], [89.59510803, 22.08735847], [89.59872437, 22.08531952], [89.62714386, 22.09479904], [89.62878418, 22.10016823], [89.63430023, 22.09700394]]], [[[89.51750183, 22.07333374], [89.51461029, 22.05490494], [89.49590302, 22.02924728], [89.48055267, 22.03858948], [89.47931671, 22.0510807], [89.51750183, 22.07333374]]], [[[89.48783112, 22.08931923], [89.51206207, 22.07626915], [89.47110748, 22.04725647], [89.44333649, 22.06277657], [89.48783112, 22.08931923]]], [[[89.49472046, 22.12944031], [89.50678253, 22.08755493], [89.4871521, 22.0933609], [89.47444153, 22.10950851], [89.47161865, 22.13965988], [89.48008728, 22.14287186], [89.49472046, 22.12944031]]], [[[89.47051239, 22.11193275], [89.45922852, 22.12360191], [89.46492004, 22.13227081], [89.47051239, 22.11193275]]], [[[89.4732666, 22.15750122], [89.47714996, 22.14896011], [89.46870422, 22.1472702], [89.46561432, 22.15472221], [89.4732666, 22.15750122]]], [[[89.661026, 22.3671608], [89.67806244, 22.33296967], [89.69335938, 22.3129673], [89.70513916, 22.30606842], [89.69963837, 22.27495956], [89.70587158, 22.27170944], [89.73443604, 22.27756119], [89.69441986, 22.21459961], [89.6855545, 22.21750069], [89.67910767, 22.21076584], [89.68638611, 22.2166729], [89.69277954, 22.21194458], [89.68695068, 22.19841957], [89.69527435, 22.19055557], [89.68952179, 22.17648125], [89.71021271, 22.10571289], [89.70437622, 22.07130051], [89.68656921, 22.06699753], [89.66838837, 22.08615112], [89.68206787, 22.09195709], [89.68386078, 22.09669876], [89.66520691, 22.09924316], [89.67845917, 22.12097549], [89.68105316, 22.13221741], [89.67638397, 22.1417675], [89.67097473, 22.14408302], [89.65789795, 22.13810158], [89.65989685, 22.14854431], [89.64918518, 22.14806938], [89.64672852, 22.15547943], [89.63853455, 22.16295433], [89.62960815, 22.16660118], [89.6145401, 22.16764641], [89.60650635, 22.1774826], [89.61719513, 22.19172478], [89.61888123, 22.19851875], [89.61694336, 22.20194435], [89.60388947, 22.21014595], [89.60199738, 22.22828484], [89.616745, 22.21395874], [89.61927795, 22.21313286], [89.62133789, 22.21557426], [89.61235809, 22.24346733], [89.60444641, 22.24500084], [89.61250305, 22.24138832], [89.61972046, 22.21500015], [89.60361481, 22.23027802], [89.59972382, 22.22555542], [89.60250092, 22.20972252], [89.61750031, 22.1986084], [89.60472107, 22.17861176], [89.61250305, 22.1669445], [89.60944366, 22.15833282], [89.61237335, 22.14810371], [89.60665894, 22.14110184], [89.60666656, 22.12861061], [89.55304718, 22.20306015], [89.55526733, 22.21056938], [89.58916473, 22.22583389], [89.59833527, 22.2527771], [89.59278107, 22.27528], [89.62838745, 22.32286072], [89.64007568, 22.36372757], [89.661026, 22.3671608]]], [[[89.57611847, 22.22790337], [89.57842255, 22.22796822], [89.5760498, 22.2265625], [89.57611847, 22.22790337]]], [[[89.53206635, 22.59512329], [89.56667328, 22.54861259], [89.58167267, 22.49694061], [89.58583832, 22.44194031], [89.61472321, 22.39167023], [89.62473297, 22.34472084], [89.58082581, 22.27749825], [89.58472443, 22.24222374], [89.57725525, 22.23968124], [89.57268524, 22.25286674], [89.55527496, 22.25944328], [89.55278015, 22.30305481], [89.52805328, 22.33027649], [89.52333069, 22.33139038], [89.51499939, 22.32611084], [89.51194763, 22.32805443], [89.51444244, 22.3358326], [89.53416443, 22.33805466], [89.53583527, 22.34055519], [89.53444672, 22.34472275], [89.52666473, 22.35333252], [89.53444672, 22.34027863], [89.5138855, 22.33694458], [89.51000214, 22.33166885], [89.5111084, 22.32694435], [89.51444244, 22.32472229], [89.5266037, 22.32986832], [89.55187988, 22.30152321], [89.55297089, 22.25994301], [89.57138824, 22.25111198], [89.57111359, 22.23500633], [89.53943634, 22.20138168], [89.58305359, 22.12479782], [89.5319519, 21.99303818], [89.50908661, 22.01612663], [89.53327942, 22.05879974], [89.53383636, 22.08346939], [89.52645874, 22.09492493], [89.54328156, 22.09489632], [89.54916382, 22.11249924], [89.54083252, 22.0961113], [89.51638794, 22.10250092], [89.47528076, 22.23027802], [89.4936142, 22.26416588], [89.49666595, 22.28722191], [89.49194336, 22.2658329], [89.47528076, 22.30000114], [89.48222351, 22.30999947], [89.48249817, 22.31472206], [89.45694733, 22.33805466], [89.46321106, 22.34206963], [89.48332977, 22.33611107], [89.48833466, 22.33749962], [89.48860931, 22.36861038], [89.48444366, 22.33749962], [89.46166992, 22.34361076], [89.45583344, 22.33944321], [89.45964813, 22.33137894], [89.48000336, 22.31611061], [89.47416687, 22.30610847], [89.43333435, 22.35694695], [89.44611359, 22.37305641], [89.44805908, 22.41055489], [89.45916748, 22.40194511], [89.46499634, 22.40416718], [89.45222473, 22.42361069], [89.45944214, 22.42472267], [89.46360779, 22.42916679], [89.45500183, 22.43611145], [89.46833038, 22.45944595], [89.46749878, 22.46388626], [89.46083069, 22.46999931], [89.48416901, 22.47860909], [89.48500061, 22.48111153], [89.48186493, 22.50216484], [89.48999786, 22.4972229], [89.49277496, 22.5], [89.49388885, 22.5261116], [89.48166656, 22.54055405], [89.4952774, 22.55555534], [89.49888611, 22.56972313], [89.51777649, 22.58333397], [89.51944733, 22.59583282], [89.53206635, 22.59512329]]], [[[89.49612427, 22.56156158], [89.48003387, 22.54064369], [89.49304962, 22.52308846], [89.49074554, 22.49920654], [89.48403168, 22.50392914], [89.48067474, 22.50193405], [89.48388672, 22.48000145], [89.45979309, 22.47091866], [89.46678925, 22.46148491], [89.45346832, 22.43788338], [89.45527649, 22.43333244], [89.46221924, 22.42972374], [89.45027924, 22.42277527], [89.46111298, 22.40472221], [89.43527985, 22.4197197], [89.42254639, 22.50889015], [89.4338913, 22.51194382], [89.44332886, 22.52169418], [89.45722198, 22.56638908], [89.49132538, 22.57685661], [89.49612427, 22.56156158]]], [[[89.71498871, 21.74762344], [89.7197113, 21.75381088], [89.72042847, 21.75387955], [89.71498871, 21.74762344]]], [[[89.84531403, 21.79718208], [89.84015656, 21.79906654], [89.83672333, 21.80565453], [89.84130096, 21.79879951], [89.84531403, 21.79718208]]], [[[89.83399963, 21.81829834], [89.85720062, 21.81991005], [89.85189819, 21.80955315], [89.85705566, 21.80430984], [89.84459686, 21.79839325], [89.83399963, 21.81829834]]], [[[89.86169434, 21.85567093], [89.86656952, 21.84416008], [89.86039734, 21.83239937], [89.8499527, 21.85547066], [89.86169434, 21.85567093]]], [[[89.70399475, 21.98642921], [89.7219162, 21.97040176], [89.71234131, 21.96384239], [89.71199036, 21.95442963], [89.727211, 21.92927551], [89.71142578, 21.90274048], [89.72897339, 21.88933945], [89.74076843, 21.86670303], [89.74305725, 21.83945274], [89.72348022, 21.8319397], [89.70021057, 21.83745956], [89.70802307, 21.84682465], [89.70287323, 21.85023117], [89.68959045, 21.85344315], [89.69812012, 21.8564682], [89.69548798, 21.86346436], [89.70018005, 21.86149216], [89.70219421, 21.86275482], [89.70583344, 21.88249969], [89.70126343, 21.86346817], [89.69449615, 21.86436653], [89.69693756, 21.85691071], [89.68824768, 21.85336685], [89.70701599, 21.84619331], [89.67280579, 21.83649445], [89.6658783, 21.84843254], [89.66858673, 21.87148094], [89.65782928, 21.88578033], [89.67860413, 21.90547752], [89.69301605, 21.94326019], [89.68643188, 21.99194336], [89.69621277, 22.00546265], [89.70449066, 22.00687027], [89.70399475, 21.98642921]]], [[[89.78028107, 22.08722305], [89.8232193, 22.0513401], [89.82695007, 22.0357399], [89.84020996, 22.02060318], [89.83790588, 22.00305939], [89.80906677, 21.99497986], [89.80364227, 21.98982811], [89.84274292, 21.95710182], [89.81022644, 21.93664932], [89.80764771, 21.91735077], [89.8444519, 21.89105415], [89.83657837, 21.87754059], [89.8372879, 21.85214806], [89.79010773, 21.84263992], [89.77778625, 21.83140945], [89.76740265, 21.83625031], [89.78291321, 21.86296082], [89.78591156, 21.87398338], [89.79515076, 21.87156296], [89.80474854, 21.87774849], [89.7870636, 21.87673759], [89.78326416, 21.87008286], [89.78637695, 21.89764023], [89.77928925, 21.90491104], [89.78717041, 21.90719032], [89.78759766, 21.91021919], [89.78129578, 21.92037392], [89.77142334, 21.90928078], [89.76976013, 21.92152023], [89.77107239, 21.90790939], [89.7804718, 21.91851997], [89.78578186, 21.91036034], [89.77612305, 21.90496826], [89.78468323, 21.89826584], [89.7800827, 21.86302948], [89.7718277, 21.8520813], [89.74843597, 21.85523987], [89.73500061, 21.89038467], [89.71598816, 21.90517998], [89.73166656, 21.92000008], [89.72592163, 21.94083214], [89.73143005, 21.94744492], [89.75006104, 21.94644165], [89.76721954, 21.95027733], [89.73332977, 21.94934082], [89.72387695, 21.94138718], [89.71504211, 21.9598484], [89.74797821, 21.97302055], [89.74745178, 21.98251915], [89.73757935, 21.99114037], [89.75196075, 21.99784088], [89.7444458, 22.01667023], [89.75749969, 22.02249718], [89.76027679, 22.02916718], [89.75749969, 22.03611183], [89.7452774, 22.03672791], [89.7416687, 22.05166817], [89.75027466, 22.05444527], [89.75257111, 22.06521225], [89.78028107, 22.08722305]]], [[[89.84339142, 22.04744911], [89.85800934, 22.02527809], [89.86322784, 21.96076965], [89.87696075, 21.91020393], [89.86620331, 21.8833065], [89.84957123, 21.87261963], [89.84218597, 21.88066101], [89.84619141, 21.8959198], [89.80890656, 21.9249897], [89.81378937, 21.93601036], [89.84332275, 21.95293045], [89.84446716, 21.95970917], [89.80544281, 21.99010086], [89.84067535, 22.00307083], [89.84243011, 22.02170181], [89.82640839, 22.04616737], [89.84339142, 22.04744911]]], [[[89.61088562, 22.16067886], [89.63793945, 22.16165924], [89.64836121, 22.14697647], [89.65866852, 22.14741135], [89.65766907, 22.13625145], [89.67527008, 22.14002037], [89.67676544, 22.12064743], [89.66339874, 22.10016441], [89.66809082, 22.09531403], [89.68232727, 22.09563637], [89.66644287, 22.08752632], [89.68106079, 22.06682968], [89.67193604, 22.05166817], [89.69886017, 22.0325985], [89.67610168, 21.98722267], [89.68604279, 21.95558167], [89.67694092, 21.9227829], [89.65706635, 21.90268326], [89.6284256, 21.94521713], [89.64527893, 21.96045876], [89.64787292, 21.98195839], [89.64089966, 21.9856987], [89.62636566, 21.98163795], [89.62333679, 22.00000191], [89.64154053, 21.9910202], [89.65579987, 22.0033474], [89.66143799, 22.01883507], [89.65365601, 22.03712082], [89.65742493, 22.05125046], [89.66646576, 22.05250168], [89.66702271, 22.0583744], [89.65948486, 22.07271957], [89.64698792, 22.07135773], [89.65137482, 22.08249283], [89.64884949, 22.09942627], [89.62843323, 22.10142326], [89.59719086, 22.08748245], [89.61301422, 22.14749336], [89.61088562, 22.16067886]]], [[[89.75161743, 22.13365364], [89.7735672, 22.08727074], [89.73921204, 22.05219078], [89.74346924, 22.03531265], [89.75772095, 22.0309391], [89.74202728, 22.01770973], [89.74891663, 21.99930954], [89.73365021, 21.99104118], [89.74565125, 21.97556114], [89.72867584, 21.96865082], [89.72360992, 21.98083305], [89.70735931, 21.98638344], [89.70658112, 22.0067215], [89.69760132, 22.00908661], [89.70413971, 22.03429031], [89.67778778, 22.05160141], [89.70983124, 22.07286072], [89.71234131, 22.12842178], [89.75161743, 22.13365364]]], [[[89.79776001, 22.07347107], [89.77445221, 22.09334946], [89.75785828, 22.13344765], [89.74285126, 22.13861656], [89.74665833, 22.18570709], [89.73044586, 22.19855118], [89.73625183, 22.20888519], [89.74611664, 22.19659615], [89.74889374, 22.19563675], [89.75081635, 22.19748688], [89.75605774, 22.21344948], [89.75611115, 22.23305321], [89.74998474, 22.19821548], [89.73750305, 22.21110916], [89.72888947, 22.20000076], [89.73069763, 22.19388962], [89.74472046, 22.18583298], [89.740242, 22.13495445], [89.71221924, 22.1297226], [89.6958313, 22.16999817], [89.69333649, 22.18305779], [89.7097168, 22.18416977], [89.7141571, 22.19333076], [89.70690918, 22.20305824], [89.6922226, 22.19583321], [89.69444275, 22.20667076], [89.73776245, 22.27537155], [89.73083496, 22.28222275], [89.7025528, 22.27666092], [89.70916748, 22.3006897], [89.70639038, 22.33972168], [89.71333313, 22.34916687], [89.70576477, 22.34095955], [89.70059204, 22.31110764], [89.67976379, 22.33402061], [89.6638031, 22.36792946], [89.64054871, 22.3663578], [89.63456726, 22.35220528], [89.62249756, 22.40860939], [89.59305573, 22.46444511], [89.60588074, 22.47506905], [89.61722565, 22.50583267], [89.6388855, 22.51611137], [89.64060974, 22.55413818], [89.666008, 22.54641151], [89.68527985, 22.56999969], [89.6922226, 22.5672226], [89.68000031, 22.55500031], [89.68104553, 22.5355854], [89.6855545, 22.54694366], [89.71138763, 22.55638885], [89.78028107, 22.51555634], [89.79827118, 22.48723221], [89.8365097, 22.4868679], [89.87604523, 22.43836212], [89.86671448, 22.41115952], [89.8888855, 22.37916756], [89.88861084, 22.36249924], [89.84895325, 22.29210091], [89.83499908, 22.23722267], [89.84027863, 22.2183342], [89.86074829, 22.20856094], [89.87606049, 22.18888092], [89.88411713, 22.12271118], [89.87610626, 22.09629822], [89.84471893, 22.06333351], [89.80634308, 22.07463074], [89.84037781, 22.11137009], [89.83852386, 22.12630272], [89.81425476, 22.14474487], [89.83638763, 22.16527748], [89.8041687, 22.21944427], [89.80136871, 22.27973366], [89.76166534, 22.31472206], [89.76493073, 22.33201218], [89.76535034, 22.3389492], [89.76431274, 22.34000015], [89.76049042, 22.31361198], [89.79928589, 22.28000259], [89.80198669, 22.21506882], [89.83401489, 22.16566467], [89.80999756, 22.14027786], [89.83637238, 22.12258911], [89.79776001, 22.07347107]]], [[[89.86889648, 22.06389046], [89.8797226, 22.08666992], [89.8861084, 22.09083366], [89.8861084, 22.07694435], [89.86889648, 22.06389046]]], [[[89.88305664, 22.17305946], [89.89332581, 22.1483326], [89.89083099, 22.12666512], [89.88305664, 22.17305946]]], [[[89.88083649, 22.17222214], [89.87833405, 22.18000031], [89.8786087, 22.18250084], [89.88305664, 22.17638969], [89.88083649, 22.17222214]]], [[[89.70944214, 22.18750191], [89.69610596, 22.19111061], [89.70944214, 22.19944382], [89.70944214, 22.18750191]]], [[[89.85861206, 22.2616806], [89.8694458, 22.24389076], [89.86833191, 22.23333359], [89.85193634, 22.25028038], [89.85861206, 22.2616806]]], [[[89.86535645, 22.2648716], [89.86722565, 22.26574135], [89.86636353, 22.26413536], [89.86535645, 22.2648716]]], [[[89.86608124, 22.26252556], [89.85881805, 22.26460266], [89.86399841, 22.27632713], [89.85997009, 22.26587677], [89.86608124, 22.26252556]]], [[[89.8674469, 22.27244186], [89.86478424, 22.27197266], [89.86543274, 22.27337837], [89.8674469, 22.27244186]]]]}}, {"type": "Feature", "properties": {"region_id": 5, "region_name": "Mymensingh"}, "geometry": {"type": "Polygon", "coordinates": [[[90.82086182, 24.16922951], [90.81920624, 24.17926979], [90.78922272, 24.19676018], [90.79209137, 24.21862984], [90.77401733, 24.24759102], [90.75739288, 24.24970245], [90.71253967, 24.23553085], [90.66873169, 24.24726105], [90.653862, 24.26106071], [90.62690735, 24.26980972], [90.57501984, 24.24740028], [90.54799652, 24.26646042], [90.54693604, 24.27463913], [90.52345276, 24.28590012], [90.53025818, 24.30215073], [90.48847198, 24.31269836], [90.45482635, 24.33901978], [90.42729187, 24.33106041], [90.42575073, 24.30622292], [90.3976059, 24.28271866], [90.38298035, 24.29033279], [90.36460114, 24.28460121], [90.35534668, 24.30124283], [90.32208252, 24.29924011], [90.29158783, 24.2785511], [90.26434326, 24.28758049], [90.24948883, 24.33008957], [90.23838043, 24.33587074], [90.23467255, 24.34922981], [90.25299072, 24.41100121], [90.23623657, 24.41469193], [90.21234894, 24.45441055], [90.24344635, 24.48310089], [90.2290802, 24.48229027], [90.21740723, 24.49662018], [90.20744324, 24.4967804], [90.21050262, 24.50667953], [90.18769836, 24.5203228], [90.17603302, 24.51575279], [90.16181946, 24.53617096], [90.15918732, 24.57390976], [90.1488266, 24.57616043], [90.1341095, 24.59649086], [90.13907623, 24.61724281], [90.15567017, 24.62691116], [90.13479614, 24.71582031], [90.13873291, 24.73269081], [90.10098267, 24.73878098], [90.10214996, 24.76593971], [90.08804321, 24.79121971], [90.02970886, 24.77329063], [90.02610779, 24.75897026], [89.98446655, 24.72447968], [89.96695709, 24.72282028], [89.9582901, 24.74333954], [89.94529724, 24.74381065], [89.93521881, 24.75625992], [89.92133331, 24.75587082], [89.92456055, 24.7476902], [89.90870667, 24.73705101], [89.88537598, 24.7428875], [89.87861633, 24.73475266], [89.87999725, 24.7129097], [89.89537048, 24.69819069], [89.89929962, 24.68079948], [89.89238739, 24.67358017], [89.87757874, 24.67589951], [89.86805725, 24.66468048], [89.86643219, 24.6459198], [89.84345245, 24.6429081], [89.85080719, 24.61965942], [89.84155273, 24.62260818], [89.82655334, 24.60798264], [89.83444214, 24.60275078], [89.82377625, 24.59795952], [89.82518768, 24.58715057], [89.80950165, 24.58201027], [89.80690765, 24.56629944], [89.79207611, 24.56517029], [89.78383636, 24.57277107], [89.76917267, 24.62232018], [89.78990936, 24.63099289], [89.78943634, 24.67094994], [89.80552673, 24.68431091], [89.79696655, 24.70737076], [89.77939606, 24.72512817], [89.7938385, 24.7406311], [89.77655029, 24.77602005], [89.76077271, 24.76716042], [89.74503326, 24.77895927], [89.73866272, 24.76815033], [89.72196198, 24.77903938], [89.72712708, 24.79370117], [89.7492981, 24.80350113], [89.73435974, 24.80364037], [89.69889832, 24.82300949], [89.67102051, 24.86799812], [89.66319275, 24.89583969], [89.68778229, 24.90813065], [89.67572021, 24.92513084], [89.68106842, 24.95866966], [89.65428162, 25.03275108], [89.65822601, 25.07467079], [89.64317322, 25.08621025], [89.6559906, 25.10989189], [89.65435028, 25.13998985], [89.67685699, 25.16796112], [89.67736816, 25.18381119], [89.70352936, 25.22718048], [89.74436188, 25.23076057], [89.75688934, 25.2434082], [89.75055695, 25.26073074], [89.75728607, 25.28512001], [89.72563171, 25.35576248], [89.75170135, 25.3795681], [89.78147125, 25.38519287], [89.78672028, 25.40983009], [89.77710724, 25.41550064], [89.77407837, 25.4319706], [89.82987976, 25.41347122], [89.82245636, 25.35572052], [89.83692169, 25.33423042], [89.83541107, 25.31966019], [89.84739685, 25.31025124], [89.83426666, 25.29566956], [89.88147736, 25.28703117], [89.91126251, 25.30869102], [89.94861603, 25.30397034], [89.95337677, 25.29564857], [89.97123718, 25.30306053], [89.98594666, 25.28236008], [90.00827789, 25.28242111], [90.03434753, 25.26699257], [90.05977631, 25.26293945], [90.11519623, 25.22692108], [90.17489624, 25.22402191], [90.22857666, 25.20342064], [90.2414093, 25.20683098], [90.31807709, 25.18965912], [90.34152985, 25.19350052], [90.37954712, 25.16426277], [90.41446686, 25.16002083], [90.45236206, 25.14450264], [90.51670074, 25.17506981], [90.64878082, 25.17333984], [90.64829254, 25.1819706], [90.66500092, 25.18555069], [90.6711731, 25.19729042], [90.67301178, 25.16664124], [90.69281769, 25.17167091], [90.68763733, 25.16621017], [90.70439911, 25.15527153], [90.71990967, 25.16651917], [90.7392807, 25.15443039], [90.74640656, 25.15870094], [90.7403717, 25.16464043], [90.76449585, 25.16624069], [90.78542328, 25.1839695], [90.81046295, 25.17169952], [90.81440735, 25.16250038], [90.85353851, 25.15577126], [90.96852112, 25.16884041], [90.97410583, 25.15471077], [90.95662689, 25.14775276], [90.95932007, 25.11977005], [90.95297241, 25.10878181], [90.97390747, 25.09117126], [90.97664642, 25.07311821], [90.96061707, 25.06847], [90.94801331, 25.07880974], [90.9332428, 25.07560921], [90.93540955, 25.04276085], [90.96663666, 25.03441048], [90.93595123, 25.01641273], [90.94928741, 25.00011253], [90.94567871, 24.97089958], [90.96248627, 24.96710968], [90.97366333, 24.95317078], [90.96969604, 24.94096947], [90.94886017, 24.93251038], [90.95559692, 24.93297005], [90.95674133, 24.90813065], [90.99263763, 24.90738869], [91.00417328, 24.88604164], [91.01805115, 24.88991165], [91.0324173, 24.87734985], [91.04576111, 24.8993206], [91.08273315, 24.89410019], [91.1053772, 24.8781395], [91.11769867, 24.84090042], [91.13246155, 24.83267021], [91.11730194, 24.80694008], [91.13346863, 24.78397942], [91.14935303, 24.78615952], [91.13598633, 24.8008194], [91.15016174, 24.81097031], [91.14702606, 24.81884956], [91.15782928, 24.8325119], [91.17424011, 24.82363129], [91.17604828, 24.80532074], [91.16105652, 24.78326035], [91.17592621, 24.77508926], [91.16205597, 24.76601028], [91.1633606, 24.75695038], [91.13886261, 24.75377083], [91.16069031, 24.73994064], [91.1566391, 24.73275185], [91.14924622, 24.73623085], [91.15355682, 24.72298813], [91.14266968, 24.71552086], [91.15992737, 24.71529007], [91.16365814, 24.70810127], [91.18184662, 24.71649933], [91.20809174, 24.70120049], [91.22618103, 24.71528053], [91.22867584, 24.69654083], [91.22039795, 24.69092941], [91.24017334, 24.68303108], [91.23956299, 24.66772079], [91.22049713, 24.66469955], [91.2313385, 24.65006065], [91.22264099, 24.6414299], [91.20754242, 24.64118004], [91.20552063, 24.62473106], [91.19602966, 24.62490082], [91.19603729, 24.61651993], [91.17703247, 24.6253109], [91.17957306, 24.61086845], [91.2025528, 24.60246277], [91.2057724, 24.59033966], [91.19893646, 24.58147049], [91.23500061, 24.56555939], [91.21469879, 24.51942062], [91.18810272, 24.49032974], [91.18087006, 24.4842205], [91.17269135, 24.49822044], [91.15139771, 24.47447014], [91.16913605, 24.47896957], [91.1957016, 24.47231293], [91.18477631, 24.46714973], [91.18654633, 24.45239067], [91.20407867, 24.47436142], [91.2215271, 24.46827126], [91.21289062, 24.48133087], [91.22809601, 24.48050117], [91.24243164, 24.43380928], [91.2392807, 24.42560005], [91.21723938, 24.42625046], [91.21910858, 24.41306114], [91.23829651, 24.40890121], [91.25563049, 24.38179016], [91.23269653, 24.36747932], [91.21888733, 24.36991119], [91.21507263, 24.36153984], [91.23781586, 24.33126068], [91.23609161, 24.3166275], [91.17308807, 24.3193512], [91.16002655, 24.28284073], [91.19013214, 24.29284096], [91.19761658, 24.28545952], [91.17196655, 24.25758171], [91.13568115, 24.2381897], [91.08320618, 24.23835754], [91.07897186, 24.21813965], [91.09221649, 24.20417976], [91.03824615, 24.2071991], [91.01722717, 24.17897987], [90.98401642, 24.15989113], [91.00028992, 24.13443947], [91.04590607, 24.1110611], [91.05541229, 24.09081268], [91.044487, 24.07184982], [90.98851013, 24.03963089], [90.95825195, 24.04170036], [90.96581268, 24.05834961], [90.94374847, 24.08213043], [90.91239929, 24.08012962], [90.89308929, 24.09600067], [90.84857178, 24.11268044], [90.87036896, 24.1269207], [90.87200165, 24.14245987], [90.84931946, 24.14294815], [90.82086182, 24.16922951]]]}}, {"type": "Feature", "properties": {"region_id": 6, "region_name": "Rajshahi"}, "geometry": {"type": "Polygon", "coordinates": [[[88.86736298, 24.11527061], [88.79574585, 24.13458061], [88.75580597, 24.16955948], [88.73287201, 24.20936966], [88.73757172, 24.26754951], [88.72276306, 24.29691124], [88.70578766, 24.30891037], [88.67346954, 24.31348991], [88.67346954, 24.31516075], [88.62975311, 24.30608177], [88.62555695, 24.31485939], [88.60398865, 24.31089973], [88.58898926, 24.31529999], [88.58625793, 24.32594109], [88.56973267, 24.32747078], [88.55500031, 24.29648972], [88.52870941, 24.34418106], [88.50718689, 24.34468079], [88.44837952, 24.37704086], [88.42693329, 24.38200951], [88.39186859, 24.37210846], [88.34282684, 24.37856293], [88.27085114, 24.44144058], [88.19683075, 24.46281052], [88.17578125, 24.49032974], [88.14785004, 24.50563049], [88.10375977, 24.54893112], [88.04615021, 24.63742065], [88.01056671, 24.66666031], [88.06474304, 24.72138023], [88.07380676, 24.74118042], [88.06732941, 24.74979973], [88.07482147, 24.75939751], [88.07058716, 24.76942062], [88.08982849, 24.78252029], [88.10592651, 24.77944946], [88.10739136, 24.8044796], [88.12245941, 24.82163048], [88.1361084, 24.8053112], [88.13503265, 24.83176041], [88.1476059, 24.85023117], [88.16253662, 24.84851074], [88.17560577, 24.86098289], [88.1621933, 24.86790085], [88.15496826, 24.88656998], [88.17059326, 24.89021111], [88.14058685, 24.91733932], [88.13968658, 24.93612862], [88.15467834, 24.93335915], [88.18002319, 24.95389175], [88.22796631, 24.95943069], [88.26357269, 24.91826057], [88.26381683, 24.87545967], [88.27742767, 24.89573288], [88.27939606, 24.88731003], [88.30039215, 24.88509941], [88.30428314, 24.87041092], [88.32273865, 24.88155174], [88.32514954, 24.8658905], [88.34789276, 24.89217949], [88.32633209, 24.91069984], [88.33615875, 24.91782951], [88.34172821, 24.93901062], [88.36340332, 24.95143127], [88.38446808, 24.93777847], [88.39898682, 24.94299126], [88.39746094, 24.96912003], [88.4173584, 24.97398949], [88.41355896, 24.99356079], [88.42436218, 25.00686073], [88.43649292, 25.00646019], [88.45381165, 25.03560066], [88.4365387, 25.05018044], [88.45287323, 25.07927132], [88.44280243, 25.12626266], [88.46264648, 25.14203072], [88.45842743, 25.16477966], [88.44476318, 25.17683029], [88.44584656, 25.19628906], [88.4715271, 25.19787025], [88.47773743, 25.21331024], [88.49971771, 25.21167946], [88.50087738, 25.20542145], [88.53674316, 25.20080948], [88.53569031, 25.19054031], [88.55925751, 25.19404984], [88.55863953, 25.17938232], [88.56581116, 25.17769051], [88.58003235, 25.17942047], [88.59144592, 25.19395065], [88.61707306, 25.20610809], [88.67040253, 25.20066261], [88.68216705, 25.21006966], [88.70922852, 25.20960045], [88.73240662, 25.20059013], [88.73526001, 25.18830109], [88.75203705, 25.17782974], [88.77298737, 25.19103813], [88.77778625, 25.18037033], [88.80378723, 25.1722908], [88.81469727, 25.17562103], [88.83158875, 25.20624924], [88.84490967, 25.21120071], [88.85334778, 25.20093155], [88.86580658, 25.20123291], [88.87693024, 25.18105125], [88.89762115, 25.18453979], [88.92302704, 25.16712952], [88.92977142, 25.18497086], [88.9473877, 25.18404007], [88.9348526, 25.21815109], [88.94889832, 25.21339989], [88.95887756, 25.21960068], [88.95121002, 25.24134064], [88.95490265, 25.25632095], [88.98703003, 25.27959061], [89.02012634, 25.26395988], [89.03105164, 25.2763195], [89.06286621, 25.25988007], [89.07731628, 25.26832008], [89.10343933, 25.24098969], [89.12435913, 25.24148941], [89.12780762, 25.25500107], [89.13955688, 25.24809074], [89.15088654, 25.26161003], [89.18006897, 25.24234962], [89.19615936, 25.24967003], [89.20593262, 25.23119164], [89.19500732, 25.22229195], [89.18556213, 25.19048119], [89.2171402, 25.1679306], [89.21781921, 25.15200806], [89.23303986, 25.14495087], [89.25174713, 25.10267067], [89.27800751, 25.09473038], [89.29659271, 25.11650085], [89.33450317, 25.12091064], [89.34520721, 25.1135006], [89.33319092, 25.10155106], [89.36527252, 25.09068108], [89.36266327, 25.07230186], [89.38803864, 25.05162048], [89.39257813, 25.06856918], [89.40525818, 25.06879044], [89.40143585, 25.07707977], [89.4156723, 25.08126831], [89.42791748, 25.06366158], [89.43427277, 25.07108116], [89.45582581, 25.07266045], [89.45347595, 25.05626869], [89.45876312, 25.06342125], [89.46736908, 25.05404091], [89.49027252, 25.06139946], [89.49655151, 25.05096054], [89.52423096, 25.04001045], [89.57222748, 25.03767967], [89.60912323, 25.04920006], [89.64155579, 25.03593063], [89.65245819, 25.04387093], [89.66452789, 24.99067116], [89.68106842, 24.95866966], [89.67572021, 24.92513084], [89.68778229, 24.90813065], [89.66319275, 24.89583969], [89.67102051, 24.86799812], [89.69889832, 24.82300949], [89.73435974, 24.80364037], [89.7492981, 24.80350113], [89.72712708, 24.79370117], [89.72196198, 24.77903938], [89.73866272, 24.76815033], [89.74503326, 24.77895927], [89.76077271, 24.76716042], [89.77037811, 24.77742004], [89.78373718, 24.76890945], [89.78476715, 24.74812126], [89.7938385, 24.7406311], [89.77939606, 24.72512817], [89.79696655, 24.70737076], [89.80552673, 24.68431091], [89.78943634, 24.67094994], [89.78990936, 24.63099289], [89.76917267, 24.62232018], [89.78383636, 24.57277107], [89.77037811, 24.55014038], [89.74582672, 24.53857994], [89.7463913, 24.52370262], [89.73384094, 24.52082062], [89.75398254, 24.50687027], [89.74562073, 24.48070908], [89.75534058, 24.47879028], [89.72112274, 24.44342041], [89.73684692, 24.40649033], [89.75670624, 24.40426064], [89.7633667, 24.3731308], [89.74611664, 24.34659004], [89.76637268, 24.32844925], [89.78276825, 24.28215981], [89.77732849, 24.23542023], [89.79305267, 24.17782021], [89.77480316, 24.16282082], [89.78231049, 24.15374184], [89.79917908, 24.15600967], [89.81572723, 24.13652992], [89.81239319, 24.10824966], [89.81977844, 24.08498764], [89.81363678, 24.06253815], [89.7789917, 24.03070259], [89.74624634, 24.02655029], [89.70054626, 23.99411011], [89.69197083, 23.93013954], [89.70588684, 23.92134285], [89.70163727, 23.86956978], [89.71048737, 23.88117981], [89.73973083, 23.83266068], [89.71694183, 23.82451057], [89.70565033, 23.8098011], [89.67910004, 23.80603027], [89.59269714, 23.80628967], [89.57388306, 23.79805946], [89.55327606, 23.80776978], [89.51567078, 23.8099308], [89.40748596, 23.88358116], [89.38755798, 23.90751076], [89.35959625, 23.90871048], [89.3037262, 23.95798111], [89.24923706, 23.97591019], [89.2336731, 23.93880081], [89.20980835, 23.92539978], [89.18840027, 23.96915054], [89.164711, 23.94881058], [89.12278748, 23.96229935], [89.0981369, 23.96207047], [89.09533691, 23.97373962], [89.06680298, 23.98101807], [89.01091003, 24.11989021], [88.93868256, 24.13122177], [88.92105103, 24.12321281], [88.92193604, 24.13433266], [88.90981293, 24.12977028], [88.91057587, 24.11738968], [88.87808228, 24.10548019], [88.88105011, 24.12026024], [88.86736298, 24.11527061]], [[88.67597198, 24.31550026], [88.67510223, 24.31537819], [88.67481995, 24.31456947], [88.67597198, 24.31550026]]]}}, {"type": "Feature", "properties": {"region_id": 7, "region_name": "Rangpur"}, "geometry": {"type": "Polygon", "coordinates": [[[88.84365845, 25.36240959], [88.83878326, 25.3982296], [88.8168869, 25.40817833], [88.83261108, 25.41452026], [88.83740234, 25.42634964], [88.82872009, 25.44089127], [88.84211731, 25.45339012], [88.83192444, 25.48539734], [88.81455231, 25.48711967], [88.81038666, 25.5197506], [88.78224945, 25.51268959], [88.76285553, 25.52132034], [88.76277924, 25.5083828], [88.77276611, 25.49915123], [88.76909637, 25.49230003], [88.74302673, 25.48603821], [88.73882294, 25.50217056], [88.71112061, 25.4970417], [88.71009064, 25.47929955], [88.69888306, 25.4699707], [88.64981842, 25.47699928], [88.64795685, 25.49495125], [88.62457275, 25.49529076], [88.60942841, 25.51316071], [88.59802246, 25.50394058], [88.57805634, 25.50547981], [88.55330658, 25.51772118], [88.54292297, 25.50662041], [88.53370667, 25.54008293], [88.52330017, 25.53308105], [88.51989746, 25.54368973], [88.51040649, 25.54227829], [88.49662781, 25.5577507], [88.50004578, 25.58126259], [88.47255707, 25.58105278], [88.45847321, 25.59628105], [88.44639587, 25.59698105], [88.4581604, 25.62787819], [88.45672607, 25.66049957], [88.40714264, 25.66931915], [88.40645599, 25.6824894], [88.37496948, 25.69490242], [88.37857819, 25.71255112], [88.32608032, 25.73512077], [88.31925201, 25.75072289], [88.27175903, 25.77992058], [88.26992798, 25.8081398], [88.23889923, 25.80677986], [88.23383331, 25.79478073], [88.21893311, 25.79754829], [88.2085495, 25.78544807], [88.18625641, 25.79878044], [88.15170288, 25.77377129], [88.14155579, 25.79384995], [88.11714172, 25.79665947], [88.12024689, 25.81020164], [88.10462189, 25.82579041], [88.1116333, 25.83627129], [88.10356903, 25.8431797], [88.11534119, 25.85243988], [88.10328674, 25.8843708], [88.10835266, 25.88959122], [88.09259033, 25.89364815], [88.09938049, 25.89803123], [88.09102631, 25.90209007], [88.08834839, 25.91924095], [88.09571838, 25.93132019], [88.11347961, 25.93577003], [88.11833954, 25.95862007], [88.12874603, 25.96689034], [88.12497711, 25.97724915], [88.14676666, 26.00071907], [88.14399719, 26.01181984], [88.1871109, 26.0240612], [88.17308807, 26.03276062], [88.18615723, 26.06870842], [88.17183685, 26.08288956], [88.16562653, 26.07418251], [88.16095734, 26.07798195], [88.16770172, 26.0835495], [88.16155243, 26.09464073], [88.18094635, 26.12350082], [88.18044281, 26.14569283], [88.19741058, 26.15086174], [88.19866943, 26.16085052], [88.22944641, 26.16728973], [88.23882294, 26.17509842], [88.23545074, 26.18244171], [88.24978638, 26.18930054], [88.27616882, 26.18659019], [88.29367065, 26.20093918], [88.30053711, 26.19584274], [88.32028961, 26.20124054], [88.35251617, 26.21998978], [88.36073303, 26.24015999], [88.35190582, 26.24479103], [88.35175323, 26.28158188], [88.38942719, 26.31368828], [88.41613007, 26.31597137], [88.40695953, 26.33041954], [88.43810272, 26.33704948], [88.45789337, 26.37375069], [88.46209717, 26.3597908], [88.4870224, 26.34922028], [88.49025726, 26.35983849], [88.50879669, 26.3603611], [88.50582123, 26.34791946], [88.52482605, 26.35983849], [88.5163269, 26.36358261], [88.52523041, 26.37285042], [88.51611328, 26.37252998], [88.52072144, 26.38789177], [88.51374054, 26.38684082], [88.50653839, 26.39857101], [88.51072693, 26.40587997], [88.49643707, 26.40843964], [88.50289154, 26.41726112], [88.49427795, 26.41642952], [88.49839783, 26.42580032], [88.49140167, 26.42999077], [88.49812317, 26.43435097], [88.47950745, 26.45253944], [88.48324585, 26.46110916], [88.42637634, 26.4724102], [88.42214203, 26.46521187], [88.40450287, 26.4854393], [88.39125061, 26.47911072], [88.36760712, 26.48705292], [88.35591125, 26.44581032], [88.34913635, 26.46632195], [88.33436584, 26.47867966], [88.33454895, 26.49357033], [88.35257721, 26.51202011], [88.36138916, 26.54800034], [88.37314606, 26.56064987], [88.37754059, 26.59350967], [88.39916992, 26.60170937], [88.38880157, 26.61090088], [88.41282654, 26.63439178], [88.42341614, 26.56867027], [88.43540955, 26.54681969], [88.45024872, 26.53587151], [88.46218109, 26.54722023], [88.4860611, 26.54131126], [88.49394226, 26.51408958], [88.52475739, 26.50613976], [88.5266571, 26.48174095], [88.56105804, 26.48892021], [88.55220032, 26.47762108], [88.56311798, 26.4726696], [88.55712128, 26.45685005], [88.59702301, 26.44939041], [88.59520721, 26.47179985], [88.62069702, 26.47106934], [88.62454987, 26.43543053], [88.6496582, 26.42724037], [88.64597321, 26.41815186], [88.67051697, 26.40703011], [88.68741608, 26.41072083], [88.68769836, 26.40125084], [88.67198181, 26.39893913], [88.68934631, 26.39555931], [88.68929291, 26.38739967], [88.7026825, 26.38846016], [88.6818161, 26.38031006], [88.69668579, 26.36306], [88.70436859, 26.33436012], [88.73516846, 26.35510063], [88.74919128, 26.35324097], [88.76159668, 26.33376122], [88.76158142, 26.30059052], [88.79892731, 26.31316948], [88.82158661, 26.30071259], [88.81920624, 26.25970078], [88.83603668, 26.25201035], [88.83304596, 26.24596024], [88.8467865, 26.2342701], [88.88510895, 26.23884964], [88.86802673, 26.25785065], [88.86820984, 26.27746964], [88.88835144, 26.29157066], [88.9348526, 26.28829956], [88.95833588, 26.24793243], [88.9704361, 26.24155807], [89.03781128, 26.24999046], [89.05567932, 26.24366951], [89.0610733, 26.25819969], [89.06970215, 26.25533295], [89.06172943, 26.27812195], [89.06951141, 26.28122139], [89.06516266, 26.29393959], [89.05348206, 26.29657173], [89.05208588, 26.28755951], [89.03334808, 26.28556061], [89.0322876, 26.30784035], [89.02561951, 26.30870056], [89.02361298, 26.29238129], [89.01586914, 26.30421066], [89.00418854, 26.29319191], [89.00331879, 26.30183029], [88.99188995, 26.30477905], [88.99221039, 26.32022095], [89.00228882, 26.31660271], [89.00002289, 26.3247509], [89.00762939, 26.32863998], [88.99246979, 26.3366909], [88.99143219, 26.352211], [88.96836853, 26.35427094], [88.96379852, 26.33267021], [88.9582901, 26.34295082], [88.96420288, 26.34761047], [88.95362091, 26.34897041], [88.96362305, 26.36580276], [88.95677185, 26.36803055], [88.95184326, 26.35939026], [88.91989136, 26.3699398], [88.92800903, 26.38111115], [88.91591644, 26.38332939], [88.92592621, 26.40147018], [88.91127014, 26.41206932], [88.93525696, 26.41370964], [88.931427, 26.42801094], [88.93921661, 26.4314785], [88.93377686, 26.43634033], [88.95144653, 26.42917061], [88.95804596, 26.43950081], [88.95330048, 26.45159149], [88.9703064, 26.45432091], [88.96434021, 26.46313286], [88.99002838, 26.45025063], [88.98589325, 26.44005966], [88.99610901, 26.42318916], [89.02892303, 26.4163208], [89.04103851, 26.39792061], [89.04998016, 26.40278053], [89.10243225, 26.39351082], [89.09674835, 26.37067032], [89.08685303, 26.36611748], [89.10289764, 26.36190987], [89.10713196, 26.33800125], [89.09021759, 26.32432938], [89.10470581, 26.32967949], [89.12201691, 26.31922913], [89.14444733, 26.3207798], [89.13050079, 26.28849983], [89.11251831, 26.3169899], [89.11493683, 26.29132271], [89.10842896, 26.28234291], [89.13049316, 26.26682091], [89.12831116, 26.25374031], [89.1468811, 26.2353611], [89.15535736, 26.20865059], [89.14058685, 26.18009949], [89.16217041, 26.16074181], [89.15413666, 26.15826988], [89.16004944, 26.14228821], [89.17346191, 26.12899971], [89.19777679, 26.12194061], [89.2301712, 26.12264061], [89.25743103, 26.09221268], [89.27220154, 26.09164047], [89.26156616, 26.06392097], [89.28514099, 26.06594849], [89.28305054, 26.04902077], [89.30462646, 26.04928017], [89.32837677, 26.03708267], [89.35244751, 26.01050949], [89.39840698, 26.00687981], [89.39705658, 26.02013016], [89.42954254, 26.04561806], [89.43889618, 26.03594971], [89.43297577, 26.0155201], [89.43850708, 26.00859833], [89.47834015, 25.99670982], [89.49353027, 26.00634193], [89.50829315, 26.00033951], [89.5213089, 26.00829124], [89.54235077, 26.00538063], [89.55365753, 25.99987984], [89.54116821, 25.98921967], [89.54358673, 25.97051048], [89.55789948, 25.96458054], [89.56931305, 25.97822952], [89.5735321, 25.9674511], [89.58040619, 25.9681797], [89.57801056, 25.97941017], [89.5906601, 25.97565079], [89.59176636, 25.99398994], [89.58148193, 26.02420807], [89.58853149, 26.02421761], [89.59005737, 26.03647995], [89.60172272, 26.03803062], [89.59596252, 26.04424095], [89.61667633, 26.05297279], [89.60836029, 26.06361008], [89.62159729, 26.05278969], [89.63143921, 26.06151009], [89.65268707, 26.0635891], [89.63712311, 26.07819939], [89.64341736, 26.09021187], [89.63266754, 26.10696983], [89.62536621, 26.09996986], [89.61685944, 26.10304832], [89.62005615, 26.09481812], [89.6114502, 26.08818054], [89.5966568, 26.10089111], [89.60388184, 26.10341263], [89.60138702, 26.11292839], [89.6187973, 26.10642815], [89.63298798, 26.1189003], [89.62847137, 26.12783051], [89.62348175, 26.11920929], [89.61496735, 26.12689018], [89.60817719, 26.11652946], [89.59458923, 26.15690994], [89.61348724, 26.15335274], [89.62197113, 26.16680908], [89.6139679, 26.17056274], [89.61950684, 26.17803955], [89.62475586, 26.17136955], [89.63707733, 26.17737961], [89.63376617, 26.17175102], [89.65187836, 26.1646595], [89.65904236, 26.17893028], [89.62983704, 26.18618965], [89.63414001, 26.19465065], [89.64733887, 26.1842308], [89.65303802, 26.1899395], [89.63659668, 26.21018982], [89.63758087, 26.2276783], [89.67324829, 26.21867943], [89.68216705, 26.23571968], [89.68933105, 26.22668076], [89.68187714, 26.22184944], [89.69245148, 26.22072983], [89.68152618, 26.21611023], [89.69391632, 26.21030045], [89.67636108, 26.2013607], [89.68727875, 26.19773102], [89.68984222, 26.18138123], [89.70517731, 26.17164993], [89.68785095, 26.16788101], [89.68463898, 26.16041946], [89.71111298, 26.15291977], [89.71835327, 26.16753006], [89.72267151, 26.15496063], [89.75092316, 26.15561104], [89.7706604, 26.12745285], [89.75913239, 26.10904121], [89.78704071, 26.1052475], [89.78588867, 26.08320808], [89.79850769, 26.08386993], [89.8034668, 26.05764008], [89.78829193, 26.05435944], [89.79218292, 26.04610825], [89.77793121, 26.03570557], [89.80409241, 26.03938103], [89.7946701, 26.01565933], [89.8130722, 26.04197121], [89.82608032, 26.00908089], [89.81772614, 25.99233055], [89.8229599, 25.98490906], [89.8397522, 25.98101044], [89.83432007, 25.99747086], [89.83957672, 26.0104599], [89.85312653, 25.98754692], [89.87539673, 25.97611046], [89.87207794, 25.96940041], [89.8414917, 25.9639225], [89.85146332, 25.94644165], [89.83335876, 25.95144081], [89.82820129, 25.94355965], [89.84606171, 25.9359417], [89.89035797, 25.94022942], [89.88147736, 25.91933823], [89.83808899, 25.86996078], [89.83972931, 25.85624123], [89.830513, 25.85329056], [89.8309021, 25.83761978], [89.81452942, 25.81698036], [89.83006287, 25.80745125], [89.84356689, 25.76823997], [89.83180237, 25.72500038], [89.83779144, 25.71194077], [89.85565948, 25.70710945], [89.85292053, 25.68743134], [89.87513733, 25.65596962], [89.8866806, 25.62105179], [89.87177277, 25.55985069], [89.87400055, 25.54206085], [89.85778046, 25.53483009], [89.86411285, 25.51022911], [89.85513306, 25.48843002], [89.85666656, 25.46249008], [89.82987976, 25.41347122], [89.77407837, 25.4319706], [89.77710724, 25.41550064], [89.78672028, 25.40983009], [89.78147125, 25.38519287], [89.75170135, 25.3795681], [89.72563171, 25.35576248], [89.75728607, 25.28512001], [89.75055695, 25.26073074], [89.75688934, 25.2434082], [89.74436188, 25.23076057], [89.70656586, 25.22957993], [89.67917633, 25.18729973], [89.67685699, 25.16796112], [89.65435028, 25.13998985], [89.6559906, 25.10989189], [89.64321136, 25.08729172], [89.65822601, 25.07467079], [89.6606369, 25.0502491], [89.64155579, 25.03593063], [89.60912323, 25.04920006], [89.57222748, 25.03767967], [89.52200317, 25.04043961], [89.49655151, 25.05096054], [89.49027252, 25.06139946], [89.46736908, 25.05404091], [89.45876312, 25.06342125], [89.45347595, 25.05626869], [89.45582581, 25.07266045], [89.43427277, 25.07108116], [89.42791748, 25.06366158], [89.4156723, 25.08126831], [89.40143585, 25.07707977], [89.40525818, 25.06879044], [89.39257813, 25.06856918], [89.38803864, 25.05162048], [89.36266327, 25.07230186], [89.36527252, 25.09068108], [89.33319092, 25.10155106], [89.34520721, 25.1135006], [89.33113861, 25.12158012], [89.29659271, 25.11650085], [89.27800751, 25.09473038], [89.25356293, 25.10134125], [89.23303986, 25.14495087], [89.21781921, 25.15200806], [89.2171402, 25.1679306], [89.18556213, 25.19048119], [89.19500732, 25.22229195], [89.20593262, 25.23119164], [89.19615936, 25.24967003], [89.18006897, 25.24234962], [89.15088654, 25.26161003], [89.13955688, 25.24809074], [89.12780762, 25.25500107], [89.12435913, 25.24148941], [89.10343933, 25.24098969], [89.07731628, 25.26832008], [89.06286621, 25.25988007], [89.03105164, 25.2763195], [89.02012634, 25.26395988], [89.00702667, 25.27532959], [89.00977325, 25.29652977], [88.9892807, 25.29574966], [88.98442841, 25.30558014], [88.96243286, 25.30779839], [88.94480133, 25.30180168], [88.93701172, 25.3111496], [88.92560577, 25.30356026], [88.90505219, 25.33595085], [88.88566589, 25.3241806], [88.87175751, 25.34806824], [88.84365845, 25.36240959]]]}}, {"type": "Feature", "properties": {"region_id": 8, "region_name": "Sylhet"}, "geometry": {"type": "Polygon", "coordinates": [[[91.64608765, 24.17501068], [91.64631653, 24.15531921], [91.63594818, 24.13933945], [91.64031219, 24.10836029], [91.62256622, 24.09737015], [91.59686279, 24.0963707], [91.59619904, 24.08020973], [91.54296112, 24.07637024], [91.49642944, 24.08868027], [91.49048615, 24.09780121], [91.37802124, 24.10950089], [91.37708282, 24.08125114], [91.39650726, 24.05135155], [91.39083099, 24.02905273], [91.37432861, 24.0078907], [91.37819672, 23.97687912], [91.29673767, 24.00309944], [91.29805756, 24.01845932], [91.30885315, 24.01728821], [91.31411743, 24.04091072], [91.30412292, 24.06039047], [91.28837585, 24.06215286], [91.29187012, 24.09731293], [91.26915741, 24.10137939], [91.2720871, 24.11437988], [91.29184723, 24.12096024], [91.2713623, 24.12742043], [91.27156067, 24.14335823], [91.26243591, 24.14556122], [91.28029633, 24.18264961], [91.30484009, 24.19349098], [91.31581116, 24.19009018], [91.31404877, 24.20568085], [91.28359222, 24.19689941], [91.27649689, 24.20297813], [91.28456879, 24.22018051], [91.29653168, 24.21453094], [91.29859924, 24.22630119], [91.30737305, 24.22307014], [91.32570648, 24.23312187], [91.3254776, 24.26284027], [91.30381012, 24.26683235], [91.28746033, 24.2480011], [91.28872681, 24.22660828], [91.26361084, 24.22529984], [91.1937027, 24.24158096], [91.17745209, 24.2634201], [91.19422913, 24.27828979], [91.19534302, 24.29311943], [91.16002655, 24.28284073], [91.17560577, 24.32099152], [91.23609161, 24.3166275], [91.23781586, 24.33126068], [91.21507263, 24.36153984], [91.21888733, 24.36991119], [91.23269653, 24.36747932], [91.25563049, 24.38179016], [91.23829651, 24.40890121], [91.21910858, 24.41306114], [91.21723938, 24.42625046], [91.2392807, 24.42560005], [91.24243164, 24.43380928], [91.22809601, 24.48050117], [91.21289062, 24.48133087], [91.2215271, 24.46827126], [91.20407867, 24.47436142], [91.18654633, 24.45239067], [91.18477631, 24.46714973], [91.1957016, 24.47231293], [91.16913605, 24.47896957], [91.15139771, 24.47447014], [91.17269135, 24.49822044], [91.18087006, 24.4842205], [91.18810272, 24.49032974], [91.21469879, 24.51942062], [91.23480988, 24.56413078], [91.19893646, 24.58147049], [91.2057724, 24.59033966], [91.2025528, 24.60246277], [91.17957306, 24.61086845], [91.17703247, 24.6253109], [91.19603729, 24.61651993], [91.19602966, 24.62490082], [91.20552063, 24.62473106], [91.20754242, 24.64118004], [91.22264099, 24.6414299], [91.2313385, 24.65006065], [91.22049713, 24.66469955], [91.23956299, 24.66772079], [91.24017334, 24.68303108], [91.22039795, 24.69092941], [91.22937775, 24.7005806], [91.22447968, 24.71626091], [91.20809174, 24.70120049], [91.18184662, 24.71649933], [91.16365814, 24.70810127], [91.15992737, 24.71529007], [91.14266968, 24.71552086], [91.15355682, 24.72298813], [91.14924622, 24.73623085], [91.1566391, 24.73275185], [91.16069031, 24.73994064], [91.13886261, 24.75377083], [91.1633606, 24.75695038], [91.16205597, 24.76601028], [91.17592621, 24.77508926], [91.16105652, 24.78326035], [91.17604828, 24.80532074], [91.17424011, 24.82363129], [91.15782928, 24.8325119], [91.14702606, 24.81884956], [91.15016174, 24.81097031], [91.13598633, 24.8008194], [91.14935303, 24.78615952], [91.13346863, 24.78397942], [91.11730194, 24.80694008], [91.13246155, 24.83267021], [91.11769867, 24.84090042], [91.1053772, 24.8781395], [91.08273315, 24.89410019], [91.04576111, 24.8993206], [91.0324173, 24.87734985], [91.01805115, 24.88991165], [91.00417328, 24.88604164], [90.99263763, 24.90738869], [90.95674133, 24.90813065], [90.95559692, 24.93297005], [90.94886017, 24.93251038], [90.96969604, 24.94096947], [90.97366333, 24.95317078], [90.96248627, 24.96710968], [90.94567871, 24.97089958], [90.94928741, 25.00011253], [90.93595123, 25.01641273], [90.96663666, 25.03441048], [90.93540955, 25.04276085], [90.9332428, 25.07560921], [90.94801331, 25.07880974], [90.96061707, 25.06847], [90.97664642, 25.07311821], [90.97390747, 25.09117126], [90.95297241, 25.10878181], [90.95932007, 25.11977005], [90.95662689, 25.14775276], [90.97410583, 25.15471077], [90.97019958, 25.1713295], [91.08249664, 25.1974926], [91.25154877, 25.19462013], [91.27378845, 25.20430756], [91.2975769, 25.19062805], [91.29489899, 25.18578911], [91.32631683, 25.18235016], [91.3423233, 25.17225838], [91.36804962, 25.17560959], [91.37528992, 25.16714859], [91.40323639, 25.16415977], [91.41980743, 25.1701107], [91.445961, 25.14910126], [91.47119904, 25.15014839], [91.47406769, 25.13385963], [91.55885315, 25.14929008], [91.5791626, 25.16060066], [91.5803299, 25.17284966], [91.61741638, 25.17591095], [91.60330963, 25.15995026], [91.60558319, 25.14580154], [91.62586975, 25.14500999], [91.62827301, 25.12832069], [91.64453125, 25.12272072], [91.69584656, 25.13908005], [91.70730591, 25.15880013], [91.7440033, 25.15122032], [91.75287628, 25.17982101], [91.78190613, 25.16827965], [91.83473206, 25.18239975], [91.86746979, 25.1778698], [91.92224884, 25.1870594], [91.98886108, 25.17562103], [92.0139389, 25.19019127], [92.03056335, 25.18206978], [92.07176971, 25.18962288], [92.1397171, 25.16242981], [92.14528656, 25.15899086], [92.13949585, 25.14550018], [92.18754578, 25.12195969], [92.20330811, 25.12832069], [92.23232269, 25.11960983], [92.21231842, 25.1164608], [92.2335434, 25.09700012], [92.31494141, 25.07233047], [92.33003998, 25.08175087], [92.34783173, 25.07825279], [92.35659027, 25.06777], [92.34716797, 25.05219078], [92.4306488, 25.03226089], [92.42363739, 24.99609947], [92.42849731, 24.97257996], [92.44590759, 24.96696281], [92.4605484, 24.97615051], [92.47371674, 24.95709991], [92.4520874, 24.95343018], [92.46868134, 24.94244003], [92.47921753, 24.9425602], [92.48927307, 24.95435905], [92.49131012, 24.92234993], [92.50473022, 24.90437126], [92.49521637, 24.89995956], [92.50007629, 24.88248062], [92.4703064, 24.87075806], [92.4491806, 24.87724686], [92.44700623, 24.86292076], [92.43321228, 24.85954094], [92.43235016, 24.85210991], [92.4164505, 24.86284256], [92.40933228, 24.85132027], [92.38751221, 24.85113907], [92.384552, 24.86712265], [92.36546326, 24.88170052], [92.35549164, 24.88046265], [92.34797668, 24.89397049], [92.34342194, 24.87746048], [92.33553314, 24.89306068], [92.31965637, 24.89463997], [92.29837799, 24.92004967], [92.28309631, 24.90477943], [92.27085876, 24.9112587], [92.25775909, 24.90686035], [92.25505829, 24.91393089], [92.24523163, 24.91024971], [92.24051666, 24.8991909], [92.25055695, 24.87988091], [92.24060059, 24.87065125], [92.24411011, 24.84937286], [92.25727844, 24.8413105], [92.25461578, 24.83424187], [92.27966309, 24.82804108], [92.28492737, 24.79520988], [92.29341125, 24.7894001], [92.28665924, 24.76941109], [92.29427338, 24.76250076], [92.28505707, 24.74370003], [92.29827118, 24.73655128], [92.26274872, 24.68864059], [92.2509079, 24.65708923], [92.23571777, 24.57992935], [92.23087311, 24.49962807], [92.17858124, 24.52347946], [92.17336273, 24.53396988], [92.15587616, 24.52422905], [92.16146088, 24.51230049], [92.15239716, 24.50027084], [92.16352081, 24.46864128], [92.15764618, 24.46076965], [92.16680908, 24.44686127], [92.16313934, 24.43919945], [92.17279816, 24.43089104], [92.16687012, 24.4221096], [92.13912964, 24.42444992], [92.12371826, 24.38730049], [92.08904266, 24.37342072], [92.01013184, 24.3819809], [92.00004578, 24.39203072], [91.98609924, 24.38546181], [91.98636627, 24.37610054], [91.97409058, 24.38863945], [91.96457672, 24.38183975], [91.99830627, 24.33929062], [91.99542999, 24.32126045], [91.97451782, 24.33155823], [91.97403717, 24.3453598], [91.95710754, 24.35625076], [91.92043304, 24.33575058], [91.94185638, 24.26757813], [91.91192627, 24.17168808], [91.90986633, 24.14226913], [91.88825226, 24.13702965], [91.87197876, 24.17411041], [91.8417511, 24.19771957], [91.84999084, 24.20228004], [91.84913635, 24.21396828], [91.8568573, 24.21417809], [91.8425827, 24.22174072], [91.8474884, 24.22832108], [91.81555939, 24.20895195], [91.80774689, 24.21935081], [91.79110718, 24.22096252], [91.74346924, 24.24712753], [91.76119995, 24.14158249], [91.73175812, 24.14241028], [91.70276642, 24.16261101], [91.69239807, 24.15932846], [91.66832733, 24.2097702], [91.66752625, 24.23040009], [91.64808655, 24.21437073], [91.66023254, 24.18757057], [91.65647888, 24.17622948], [91.64608765, 24.17501068]]]}}]}